Hisui Dex,Name,Sprite,Caught,with Forms,Alpha,Shiny Sprite,Shiny,Shiny Forms,Shiny Alpha,Level 10 Dex Entry,Perfect Dex Entry,Path of Solitude,,,
1,Rowlet,,FALSE,,FALSE,,FALSE,,FALSE,FALSE,FALSE,FALSE,,Caught,"0,00%"
2,Dartix,,FALSE,,FALSE,,FALSE,,FALSE,FALSE,FALSE,FALSE,,with Forms,"0,00%"
3,Hisuian Decidueye,,FALSE,,FALSE,,FALSE,,FALSE,FALSE,FALSE,FALSE,,Alpha,"0,00%"
4,Cyndaquil,,FALSE,,FALSE,,FALSE,,FALSE,FALSE,FALSE,FALSE,,Shiny,"0,00%"
5,Quilava,,FALSE,,FALSE,,FALSE,,FALSE,FALSE,FALSE,FALSE,,Shiny Forms,"0,00%"
6,Hisuian Typhlosion,,FALSE,,FALSE,,FALSE,,FALSE,FALSE,FALSE,FALSE,,Shiny Alpha,"0,00%"
7,Oshawott,,FALSE,,FALSE,,FALSE,,FALSE,FALSE,FALSE,FALSE,,Level 10 Dex Entry,"0,00%"
8,Dewott,,FALSE,,FALSE,,FALSE,,FALSE,FALSE,FALSE,FALSE,,Perfect Dex Entry,"0,00%"
9,Hisuian Samurott,,FALSE,,FALSE,,FALSE,,FALSE,FALSE,FALSE,FALSE,,Path of Solitude,"0,00%"
10,Bidoof ♂,,FALSE,FALSE,FALSE,,FALSE,FALSE,FALSE,FALSE,FALSE,FALSE,,,
,Bidoof ♀,,,FALSE,FALSE,,,FALSE,FALSE,,,,,,
11,Bibarel ♂,,FALSE,FALSE,FALSE,,FALSE,FALSE,FALSE,FALSE,FALSE,FALSE,,,
,Bibarel ♀,,,FALSE,FALSE,,,FALSE,FALSE,,,,,,
12,Starly ♂,,FALSE,FALSE,FALSE,,FALSE,FALSE,FALSE,FALSE,FALSE,FALSE,,,
,Starly ♀,,,FALSE,FALSE,,,FALSE,FALSE,,,,,,
13,Staravia ♂,,FALSE,FALSE,FALSE,,FALSE,FALSE,FALSE,FALSE,FALSE,FALSE,,,
,Staravia ♀,,,FALSE,FALSE,,,FALSE,FALSE,,,,,,
14,Staraptor ♂,,FALSE,FALSE,FALSE,,FALSE,FALSE,FALSE,FALSE,FALSE,FALSE,,,
,Staraptor ♀,,,FALSE,FALSE,,,FALSE,FALSE,,,,,,
15,Shinx ♂,,FALSE,FALSE,FALSE,,FALSE,FALSE,FALSE,FALSE,FALSE,FALSE,,,
,Shinx ♀,,,FALSE,FALSE,,,FALSE,FALSE,,,,,,
16,Luxio ♂,,FALSE,FALSE,FALSE,,FALSE,FALSE,FALSE,FALSE,FALSE,FALSE,,,
,Luxio ♀,,,FALSE,FALSE,,,FALSE,FALSE,,,,,,
17,Luxray ♂,,FALSE,FALSE,FALSE,,FALSE,FALSE,FALSE,FALSE,FALSE,FALSE,,,
,Luxray ♀,,,FALSE,FALSE,,,FALSE,FALSE,,,,,,
18,Wurmple,,FALSE,,FALSE,,FALSE,,FALSE,FALSE,FALSE,FALSE,,,
19,Silcoon,,FALSE,,FALSE,,FALSE,,FALSE,FALSE,FALSE,FALSE,,,
20,Beautifly ♂,,FALSE,FALSE,FALSE,,FALSE,FALSE,FALSE,FALSE,FALSE,FALSE,,,
,Beautifly ♀,,,FALSE,FALSE,,,FALSE,FALSE,,,,,,
21,Cascoon,,FALSE,,FALSE,,FALSE,,FALSE,FALSE,FALSE,FALSE,,,
22,Dustox ♂,,FALSE,FALSE,FALSE,,FALSE,FALSE,FALSE,FALSE,FALSE,FALSE,,,
,Dustox ♀,,,FALSE,FALSE,,,FALSE,FALSE,,,,,,
23,Ponyta,,FALSE,,FALSE,,FALSE,,FALSE,FALSE,FALSE,FALSE,,,
24,Rapidash,,FALSE,,FALSE,,FALSE,,FALSE,FALSE,FALSE,FALSE,,,
25,Eevee ♂,,FALSE,FALSE,FALSE,,FALSE,FALSE,FALSE,FALSE,FALSE,FALSE,,,
,Eevee ♀,,,FALSE,FALSE,,,FALSE,FALSE,,,,,,
26,Vaporeon,,FALSE,,FALSE,,FALSE,,FALSE,FALSE,FALSE,FALSE,,,
27,Jolteon,,FALSE,,FALSE,,FALSE,,FALSE,FALSE,FALSE,FALSE,,,
28,Flareon,,FALSE,,FALSE,,FALSE,,FALSE,FALSE,FALSE,FALSE,,,
29,Espeon,,FALSE,,FALSE,,FALSE,,FALSE,FALSE,FALSE,FALSE,,,
30,Umbreon,,FALSE,,FALSE,,FALSE,,FALSE,FALSE,FALSE,FALSE,,,
31,Leafeon,,FALSE,,FALSE,,FALSE,,FALSE,FALSE,FALSE,FALSE,,,
32,Glaceon,,FALSE,,FALSE,,FALSE,,FALSE,FALSE,FALSE,FALSE,,,
33,Sylveon,,FALSE,,FALSE,,FALSE,,FALSE,FALSE,FALSE,FALSE,,,
34,Zubat ♂,,FALSE,FALSE,FALSE,,FALSE,FALSE,FALSE,FALSE,FALSE,FALSE,,,
,Zubat ♀,,,FALSE,FALSE,,,FALSE,FALSE,,,,,,
35,Golbat ♂,,FALSE,FALSE,FALSE,,FALSE,FALSE,FALSE,FALSE,FALSE,FALSE,,,
,Golbat ♀,,,FALSE,FALSE,,,FALSE,FALSE,,,,,,
36,Crobat,,FALSE,,FALSE,,FALSE,,FALSE,FALSE,FALSE,FALSE,,,
37,Drifloon,,FALSE,,FALSE,,FALSE,,FALSE,FALSE,FALSE,FALSE,,,
38,Drifblim,,FALSE,,FALSE,,FALSE,,FALSE,FALSE,FALSE,FALSE,,,
39,Kricketot ♂,,FALSE,FALSE,FALSE,,FALSE,FALSE,FALSE,FALSE,FALSE,FALSE,,,
,Kricketot ♀,,,FALSE,FALSE,,,FALSE,FALSE,,,,,,
40,Kricketune ♂,,FALSE,FALSE,FALSE,,FALSE,FALSE,FALSE,FALSE,FALSE,FALSE,,,
,Kricketune ♀,,,FALSE,FALSE,,,FALSE,FALSE,,,,,,
41,Buizel ♂,,FALSE,FALSE,FALSE,,FALSE,FALSE,FALSE,FALSE,FALSE,FALSE,,,
,Buizel ♀,,,FALSE,FALSE,,,FALSE,FALSE,,,,,,
42,Floatzel ♂,,FALSE,FALSE,FALSE,,FALSE,FALSE,FALSE,FALSE,FALSE,FALSE,,,
,Floatzel ♀,,,FALSE,FALSE,,,FALSE,FALSE,,,,,,
43,Burmy Plant Cloak,,FALSE,FALSE,FALSE,,FALSE,FALSE,FALSE,FALSE,FALSE,FALSE,,,
,Burmy Sandy Cloak,,,FALSE,FALSE,,,FALSE,FALSE,,,,,,
,Burmy Trash Cloak,,,FALSE,FALSE,,,FALSE,FALSE,,,,,,
44,Wormadam Plant Cloak,,FALSE,FALSE,FALSE,,FALSE,FALSE,FALSE,FALSE,FALSE,FALSE,,,
,Wormadam Sandy Cloak,,,FALSE,FALSE,,,FALSE,FALSE,,,,,,
,Wormadam Trash Cloak,,,FALSE,FALSE,,,FALSE,FALSE,,,,,,
45,Mothim,,FALSE,,FALSE,,FALSE,,FALSE,FALSE,FALSE,FALSE,,,
46,Geodude,,FALSE,,FALSE,,FALSE,,FALSE,FALSE,FALSE,FALSE,,,
47,Graveler,,FALSE,,FALSE,,FALSE,,FALSE,FALSE,FALSE,FALSE,,,
48,Golem,,FALSE,,FALSE,,FALSE,,FALSE,FALSE,FALSE,FALSE,,,
49,Stantler,,FALSE,,FALSE,,FALSE,,FALSE,FALSE,FALSE,FALSE,,,
50,Wyrdeer,,FALSE,,FALSE,,FALSE,,FALSE,FALSE,FALSE,FALSE,,,
51,Munchlax,,FALSE,,FALSE,,FALSE,,FALSE,FALSE,FALSE,FALSE,,,
52,Snorlax,,FALSE,,FALSE,,FALSE,,FALSE,FALSE,FALSE,FALSE,,,
53,Paras,,FALSE,,FALSE,,FALSE,,FALSE,FALSE,FALSE,FALSE,,,
54,Parasect,,FALSE,,FALSE,,FALSE,,FALSE,FALSE,FALSE,FALSE,,,
55,Pichu,,FALSE,,FALSE,,FALSE,,FALSE,FALSE,FALSE,FALSE,,,
56,Pikachu ♂,,FALSE,FALSE,FALSE,,FALSE,FALSE,FALSE,FALSE,FALSE,FALSE,,,
,Pikachu ♀,,,FALSE,FALSE,,,FALSE,FALSE,,,,,,
57,Raichu ♂,,FALSE,FALSE,FALSE,,FALSE,FALSE,FALSE,FALSE,FALSE,FALSE,,,
,Raichu ♀,,,FALSE,FALSE,,,FALSE,FALSE,,,,,,
58,Abra,,FALSE,,FALSE,,FALSE,,FALSE,FALSE,FALSE,FALSE,,,
59,Kadabra ♂,,FALSE,FALSE,FALSE,,FALSE,FALSE,FALSE,FALSE,FALSE,FALSE,,,
,Kadabra ♀,,,FALSE,FALSE,,,FALSE,FALSE,,,,,,
60,Alakazam ♂,,FALSE,FALSE,FALSE,,FALSE,FALSE,FALSE,FALSE,FALSE,FALSE,,,
,Alakazam ♀,,,FALSE,FALSE,,,FALSE,FALSE,,,,,,
61,Chimchar,,FALSE,,FALSE,,FALSE,,FALSE,FALSE,FALSE,FALSE,,,
62,Monferno,,FALSE,,FALSE,,FALSE,,FALSE,FALSE,FALSE,FALSE,,,
63,Infernape,,FALSE,,FALSE,,FALSE,,FALSE,FALSE,FALSE,FALSE,,,
64,Buneary,,FALSE,,FALSE,,FALSE,,FALSE,FALSE,FALSE,FALSE,,,
65,Lopunny,,FALSE,,FALSE,,FALSE,,FALSE,FALSE,FALSE,FALSE,,,
66,Cherubi,,FALSE,,FALSE,,FALSE,,FALSE,FALSE,FALSE,FALSE,,,
67,Cherrim,,FALSE,,FALSE,,FALSE,,FALSE,FALSE,FALSE,FALSE,,,
68,Psyduck,,FALSE,,FALSE,,FALSE,,FALSE,FALSE,FALSE,FALSE,,,
69,Golduck,,FALSE,,FALSE,,FALSE,,FALSE,FALSE,FALSE,FALSE,,,
70,Combee ♂,,FALSE,FALSE,FALSE,,FALSE,FALSE,FALSE,FALSE,FALSE,FALSE,,,
,Combee ♀,,,FALSE,FALSE,,,FALSE,FALSE,,,,,,
71,Vespiquen,,FALSE,,FALSE,,FALSE,,FALSE,FALSE,FALSE,FALSE,,,
72,Scyther ♂,,FALSE,FALSE,FALSE,,FALSE,FALSE,FALSE,FALSE,FALSE,FALSE,,,
,Scyther♀ ,,,FALSE,FALSE,,,FALSE,FALSE,,,,,,
73,Kleavor,,FALSE,,FALSE,,FALSE,,FALSE,FALSE,FALSE,FALSE,,,
74,Scizor ♂,,FALSE,FALSE,FALSE,,FALSE,FALSE,FALSE,FALSE,FALSE,FALSE,,,
,Scizor ♀,,,FALSE,FALSE,,,FALSE,FALSE,,,,,,
75,Heracross ♂,,FALSE,FALSE,FALSE,,FALSE,FALSE,FALSE,FALSE,FALSE,FALSE,,,
,Heracross ♀,,,FALSE,FALSE,,,FALSE,FALSE,,,,,,
76,Mime Jr.,,FALSE,,FALSE,,FALSE,,FALSE,FALSE,FALSE,FALSE,,,
77,Mr. Mime,,FALSE,,FALSE,,FALSE,,FALSE,FALSE,FALSE,FALSE,,,
78,Aipom ♂,,FALSE,FALSE,FALSE,,FALSE,FALSE,FALSE,FALSE,FALSE,FALSE,,,
,Aipom ♀,,,FALSE,FALSE,,,FALSE,FALSE,,,,,,
79,Ambipom ♂,,FALSE,FALSE,FALSE,,FALSE,FALSE,FALSE,FALSE,FALSE,FALSE,,,
,Ambipom ♀,,,FALSE,FALSE,,,FALSE,FALSE,,,,,,
80,Magikarp ♂,,FALSE,FALSE,FALSE,,FALSE,FALSE,FALSE,FALSE,FALSE,FALSE,,,
,Magikarp ♀,,,FALSE,FALSE,,,FALSE,FALSE,,,,,,
81,Gyarados ♂,,FALSE,FALSE,FALSE,,FALSE,FALSE,FALSE,FALSE,FALSE,FALSE,,,
,Gyarados ♀,,,FALSE,FALSE,,,FALSE,FALSE,,,,,,
82,Shellos West,,FALSE,FALSE,FALSE,,FALSE,FALSE,FALSE,FALSE,FALSE,FALSE,,,
,Shellos East,,,FALSE,FALSE,,,FALSE,FALSE,,,,,,
83,Gastrodon West,,FALSE,FALSE,FALSE,,FALSE,FALSE,FALSE,FALSE,FALSE,FALSE,,,
,Gastrodon East,,,FALSE,FALSE,,,FALSE,FALSE,,,,,,
84,Hisui Qwilfish,,FALSE,,FALSE,,FALSE,,FALSE,FALSE,FALSE,FALSE,,,
85,Overqwil,,FALSE,,FALSE,,FALSE,,FALSE,FALSE,FALSE,FALSE,,,
86,Happiny,,FALSE,,FALSE,,FALSE,,FALSE,FALSE,FALSE,FALSE,,,
87,Chansey,,FALSE,,FALSE,,FALSE,,FALSE,FALSE,FALSE,FALSE,,,
88,Blissey,,FALSE,,FALSE,,FALSE,,FALSE,FALSE,FALSE,FALSE,,,
89,Budew,,FALSE,,FALSE,,FALSE,,FALSE,FALSE,FALSE,FALSE,,,
90,Roselia ♂,,FALSE,FALSE,FALSE,,FALSE,FALSE,FALSE,FALSE,FALSE,FALSE,,,
,Roselia ♀,,,FALSE,FALSE,,,FALSE,FALSE,,,,,,
91,Roserade ♂,,FALSE,FALSE,FALSE,,FALSE,FALSE,FALSE,FALSE,FALSE,FALSE,,,
,Roserade ♀,,,FALSE,FALSE,,,FALSE,FALSE,,,,,,
92,Carnivine,,FALSE,,FALSE,,FALSE,,FALSE,FALSE,FALSE,FALSE,,,
93,Petilil,,FALSE,,FALSE,,FALSE,,FALSE,FALSE,FALSE,FALSE,,,
94,Hisui Lilligant,,FALSE,,FALSE,,FALSE,,FALSE,FALSE,FALSE,FALSE,,,
95,Tangela,,FALSE,,FALSE,,FALSE,,FALSE,FALSE,FALSE,FALSE,,,
96,Tangrowth ♂,,FALSE,FALSE,FALSE,,FALSE,FALSE,FALSE,FALSE,FALSE,FALSE,,,
,Tangrowth ♀,,,FALSE,FALSE,,,FALSE,FALSE,,,,,,
97,Barboach,,FALSE,,FALSE,,FALSE,,FALSE,FALSE,FALSE,FALSE,,,
98,Whiscash,,FALSE,,FALSE,,FALSE,,FALSE,FALSE,FALSE,FALSE,,,
99,Croagunk ♂,,FALSE,FALSE,FALSE,,FALSE,FALSE,FALSE,FALSE,FALSE,FALSE,,,
,Croagunk ♀,,,FALSE,FALSE,,,FALSE,FALSE,,,,,,
100,Toxicroak ♂,,FALSE,FALSE,FALSE,,FALSE,FALSE,FALSE,FALSE,FALSE,FALSE,,,
,Toxicroak ♀,,,FALSE,FALSE,,,FALSE,FALSE,,,,,,
101,Ralts,,FALSE,,FALSE,,FALSE,,FALSE,FALSE,FALSE,FALSE,,,
102,Kirlia,,FALSE,,FALSE,,FALSE,,FALSE,FALSE,FALSE,FALSE,,,
103,Gardevoir,,FALSE,,FALSE,,FALSE,,FALSE,FALSE,FALSE,FALSE,,,
104,Gallade,,FALSE,,FALSE,,FALSE,,FALSE,FALSE,FALSE,FALSE,,,
105,Yanma,,FALSE,,FALSE,,FALSE,,FALSE,FALSE,FALSE,FALSE,,,
106,Yanmgea,,FALSE,,FALSE,,FALSE,,FALSE,FALSE,FALSE,FALSE,,,
107,Hippopotas ♂,,FALSE,FALSE,FALSE,,FALSE,FALSE,FALSE,FALSE,FALSE,FALSE,,,
,Hippopotas ♀,,,FALSE,FALSE,,,FALSE,FALSE,,,,,,
108,Hippowdon ♂,,FALSE,FALSE,FALSE,,FALSE,FALSE,FALSE,FALSE,FALSE,FALSE,,,
,Hippowdon ♀,,,FALSE,FALSE,,,FALSE,FALSE,,,,,,
109,Pachirisu ♂,,FALSE,FALSE,FALSE,,FALSE,FALSE,FALSE,FALSE,FALSE,FALSE,,,
,Pachirisu ♀,,,FALSE,FALSE,,,FALSE,FALSE,,,,,,
110,Stunky,,FALSE,,FALSE,,FALSE,,FALSE,FALSE,FALSE,FALSE,,,
111,Skuntank,,FALSE,,FALSE,,FALSE,,FALSE,FALSE,FALSE,FALSE,,,
112,Teddiursa,,FALSE,,FALSE,,FALSE,,FALSE,FALSE,FALSE,FALSE,,,
113,Ursaring ♂,,FALSE,FALSE,FALSE,,FALSE,FALSE,FALSE,FALSE,FALSE,FALSE,,,
,Ursaring ♀,,,FALSE,FALSE,,,FALSE,FALSE,,,,,,
114,Ursaluna,,FALSE,,FALSE,,FALSE,,FALSE,FALSE,FALSE,FALSE,,,
115,Goomy,,FALSE,,FALSE,,FALSE,,FALSE,FALSE,FALSE,FALSE,,,
116,Hisuian Sliggoo,,FALSE,,FALSE,,FALSE,,FALSE,FALSE,FALSE,FALSE,,,
117,Hisuian Goodra,,FALSE,,FALSE,,FALSE,,FALSE,FALSE,FALSE,FALSE,,,
118,Onix,,FALSE,,FALSE,,FALSE,,FALSE,FALSE,FALSE,FALSE,,,
119,Steelix ♂,,FALSE,FALSE,FALSE,,FALSE,FALSE,FALSE,FALSE,FALSE,FALSE,,,
,Steelix ♀,,,FALSE,FALSE,,,FALSE,FALSE,,,,,,
120,Rhyhorn ♂,,FALSE,FALSE,FALSE,,FALSE,FALSE,FALSE,FALSE,FALSE,FALSE,,,
,Rhyhorn ♀,,,FALSE,FALSE,,,FALSE,FALSE,,,,,,
121,Rhydon ♂,,FALSE,FALSE,FALSE,,FALSE,FALSE,FALSE,FALSE,FALSE,FALSE,,,
,Rhydon ♀,,,FALSE,FALSE,,,FALSE,FALSE,,,,,,
122,Rhyperior ♂,,FALSE,FALSE,FALSE,,FALSE,FALSE,FALSE,FALSE,FALSE,FALSE,,,
,Rhyperior ♀,,,FALSE,FALSE,,,FALSE,FALSE,,,,,,
123,Bonsly,,FALSE,,FALSE,,FALSE,,FALSE,FALSE,FALSE,FALSE,,,
124,Sudowoodo ♂,,FALSE,FALSE,FALSE,,FALSE,FALSE,FALSE,FALSE,FALSE,FALSE,,,
,Sudowoodo ♀,,,FALSE,FALSE,,,FALSE,FALSE,,,,,,
125,Lickitung,,FALSE,,FALSE,,FALSE,,FALSE,FALSE,FALSE,FALSE,,,
126,Lickilicky,,FALSE,,FALSE,,FALSE,,FALSE,FALSE,FALSE,FALSE,,,
127,Togepi,,FALSE,,FALSE,,FALSE,,FALSE,FALSE,FALSE,FALSE,,,
128,Togetic,,FALSE,,FALSE,,FALSE,,FALSE,FALSE,FALSE,FALSE,,,
129,Togekiss,,FALSE,,FALSE,,FALSE,,FALSE,FALSE,FALSE,FALSE,,,
130,Turtwig,,FALSE,,FALSE,,FALSE,,FALSE,FALSE,FALSE,FALSE,,,
131,Grotle,,FALSE,,FALSE,,FALSE,,FALSE,FALSE,FALSE,FALSE,,,
132,Torterra,,FALSE,,FALSE,,FALSE,,FALSE,FALSE,FALSE,FALSE,,,
133,Porygon,,FALSE,,FALSE,,FALSE,,FALSE,FALSE,FALSE,FALSE,,,
134,Porygon2,,FALSE,,FALSE,,FALSE,,FALSE,FALSE,FALSE,FALSE,,,
135,Porygon-Z,,FALSE,,FALSE,,FALSE,,FALSE,FALSE,FALSE,FALSE,,,
136,Gastly,,FALSE,,FALSE,,FALSE,,FALSE,FALSE,FALSE,FALSE,,,
137,Haunter,,FALSE,,FALSE,,FALSE,,FALSE,FALSE,FALSE,FALSE,,,
138,Gengar,,FALSE,,FALSE,,FALSE,,FALSE,FALSE,FALSE,FALSE,,,
139,Spiritomb,,FALSE,,FALSE,,FALSE,,FALSE,FALSE,FALSE,FALSE,,,
140,Murkrow ♂,,FALSE,FALSE,FALSE,,FALSE,FALSE,FALSE,FALSE,FALSE,FALSE,,,
,Murkrow ♀,,,FALSE,FALSE,,,FALSE,FALSE,,,,,,
141,Honchkrow,,FALSE,,FALSE,,FALSE,,FALSE,FALSE,FALSE,FALSE,,,
142,Unown-A,,FALSE,FALSE,FALSE,,FALSE,FALSE,FALSE,FALSE,FALSE,FALSE,,,
,Unown-B,,,FALSE,FALSE,,,FALSE,FALSE,,,,,,
,Unown-C,,,FALSE,FALSE,,,FALSE,FALSE,,,,,,
,Unown-D,,,FALSE,FALSE,,,FALSE,FALSE,,,,,,
,Unown-E,,,FALSE,FALSE,,,FALSE,FALSE,,,,,,
,Unown-F,,,FALSE,FALSE,,,FALSE,FALSE,,,,,,
,Unown-G,,,FALSE,FALSE,,,FALSE,FALSE,,,,,,
,Unown-H,,,FALSE,FALSE,,,FALSE,FALSE,,,,,,
,Unown-I,,,FALSE,FALSE,,,FALSE,FALSE,,,,,,
,Unown-J,,,FALSE,FALSE,,,FALSE,FALSE,,,,,,
,Unown-K,,,FALSE,FALSE,,,FALSE,FALSE,,,,,,
,Unown-L,,,FALSE,FALSE,,,FALSE,FALSE,,,,,,
,Unown-M,,,FALSE,FALSE,,,FALSE,FALSE,,,,,,
,Unown-N,,,FALSE,FALSE,,,FALSE,FALSE,,,,,,
,Unown-O,,,FALSE,FALSE,,,FALSE,FALSE,,,,,,
,Unown-P,,,FALSE,FALSE,,,FALSE,FALSE,,,,,,
,Unown-Q,,,FALSE,FALSE,,,FALSE,FALSE,,,,,,
,Unown-R,,,FALSE,FALSE,,,FALSE,FALSE,,,,,,
,Unown-S,,,FALSE,FALSE,,,FALSE,FALSE,,,,,,
,Unown-T,,,FALSE,FALSE,,,FALSE,FALSE,,,,,,
,Unown-U,,,FALSE,FALSE,,,FALSE,FALSE,,,,,,
,Unown-V,,,FALSE,FALSE,,,FALSE,FALSE,,,,,,
,Unown-W,,,FALSE,FALSE,,,FALSE,FALSE,,,,,,
,Unown-X,,,FALSE,FALSE,,,FALSE,FALSE,,,,,,
,Unown-Y,,,FALSE,FALSE,,,FALSE,FALSE,,,,,,
,Unown-Z,,,FALSE,FALSE,,,FALSE,FALSE,,,,,,
,Unown-Exclamation Mark,,,FALSE,FALSE,,,FALSE,FALSE,,,,,,
,Unown-Question Mark,,,FALSE,FALSE,,,FALSE,FALSE,,,,,,
143,Spheal,,FALSE,,FALSE,,FALSE,,FALSE,FALSE,FALSE,FALSE,,,
144,Sealeo,,FALSE,,FALSE,,FALSE,,FALSE,FALSE,FALSE,FALSE,,,
145,Walrein,,FALSE,,FALSE,,FALSE,,FALSE,FALSE,FALSE,FALSE,,,
146,Remoraid,,FALSE,,FALSE,,FALSE,,FALSE,FALSE,FALSE,FALSE,,,
147,Octillery ♂,,FALSE,FALSE,FALSE,,FALSE,FALSE,FALSE,FALSE,FALSE,FALSE,,,
,Octillery ♀,,,FALSE,FALSE,,,FALSE,FALSE,,,,,,
148,Skorupi,,FALSE,,FALSE,,FALSE,,FALSE,FALSE,FALSE,FALSE,,,
149,Drapion,,FALSE,,FALSE,,FALSE,,FALSE,FALSE,FALSE,FALSE,,,
150,Hisuian Growlithe,,FALSE,,FALSE,,FALSE,,FALSE,FALSE,FALSE,FALSE,,,
151,Hisuian Arcanine,,FALSE,,FALSE,,FALSE,,FALSE,FALSE,FALSE,FALSE,,,
152,Glameow,,FALSE,,FALSE,,FALSE,,FALSE,FALSE,FALSE,FALSE,,,
153,Purugly,,FALSE,,FALSE,,FALSE,,FALSE,FALSE,FALSE,FALSE,,,
154,Machop,,FALSE,,FALSE,,FALSE,,FALSE,FALSE,FALSE,FALSE,,,
155,Machoke,,FALSE,,FALSE,,FALSE,,FALSE,FALSE,FALSE,FALSE,,,
156,Machamp,,FALSE,,FALSE,,FALSE,,FALSE,FALSE,FALSE,FALSE,,,
157,Chatot,,FALSE,,FALSE,,FALSE,,FALSE,FALSE,FALSE,FALSE,,,
158,Duskull,,FALSE,,FALSE,,FALSE,,FALSE,FALSE,FALSE,FALSE,,,
159,Dusclops,,FALSE,,FALSE,,FALSE,,FALSE,FALSE,FALSE,FALSE,,,
160,Dusknoir,,FALSE,,FALSE,,FALSE,,FALSE,FALSE,FALSE,FALSE,,,
161,Piplup,,FALSE,,FALSE,,FALSE,,FALSE,FALSE,FALSE,FALSE,,,
162,Prinplup,,FALSE,,FALSE,,FALSE,,FALSE,FALSE,FALSE,FALSE,,,
163,Empoleon,,FALSE,,FALSE,,FALSE,,FALSE,FALSE,FALSE,FALSE,,,
164,Mantyke,,FALSE,,FALSE,,FALSE,,FALSE,FALSE,FALSE,FALSE,,,
165,Mantine,,FALSE,,FALSE,,FALSE,,FALSE,FALSE,FALSE,FALSE,,,
166,Basculin White-Striped,,FALSE,,FALSE,,FALSE,,FALSE,FALSE,FALSE,FALSE,,,
167,Basculegion ♂,,FALSE,FALSE,FALSE,,FALSE,FALSE,FALSE,FALSE,FALSE,FALSE,,,
,Basculegion ♀,,,FALSE,FALSE,,,FALSE,FALSE,,,,,,
168,Vulpix,,FALSE,FALSE,FALSE,,FALSE,,FALSE,FALSE,FALSE,FALSE,,,
,Alolan Vulpix,,,FALSE,,,,,,,,,,,
169,Ninetales,,FALSE,FALSE,FALSE,,FALSE,,FALSE,FALSE,FALSE,FALSE,,,
,Alolan Ninetales,,,FALSE,,,,,,,,,,,
170,Tentacool,,FALSE,,FALSE,,FALSE,,FALSE,FALSE,FALSE,FALSE,,,
171,Tentacruel,,FALSE,,FALSE,,FALSE,,FALSE,FALSE,FALSE,FALSE,,,
172,Fineon ♂,,FALSE,FALSE,FALSE,,FALSE,FALSE,FALSE,FALSE,FALSE,FALSE,,,
,Fineon ♀,,,FALSE,FALSE,,,FALSE,FALSE,,,,,,
173,Lumineon ♂,,FALSE,FALSE,FALSE,,FALSE,FALSE,FALSE,FALSE,FALSE,FALSE,,,
,Lumineon ♂,,,FALSE,FALSE,,,FALSE,FALSE,,,,,,
174,Magby,,FALSE,,FALSE,,FALSE,,FALSE,FALSE,FALSE,FALSE,,,
175,Magmar,,FALSE,,FALSE,,FALSE,,FALSE,FALSE,FALSE,FALSE,,,
176,Magmortar,,FALSE,,FALSE,,FALSE,,FALSE,FALSE,FALSE,FALSE,,,
177,Magnemite,,FALSE,,FALSE,,FALSE,,FALSE,FALSE,FALSE,FALSE,,,
178,Magneton,,FALSE,,FALSE,,FALSE,,FALSE,FALSE,FALSE,FALSE,,,
179,Magnezone,,FALSE,,FALSE,,FALSE,,FALSE,FALSE,FALSE,FALSE,,,
180,Bronzor,,FALSE,,FALSE,,FALSE,,FALSE,FALSE,FALSE,FALSE,,,
181,Bronzong,,FALSE,,FALSE,,FALSE,,FALSE,FALSE,FALSE,FALSE,,,
182,Elekid,,FALSE,,FALSE,,FALSE,,FALSE,FALSE,FALSE,FALSE,,,
183,Electabuzz,,FALSE,,FALSE,,FALSE,,FALSE,FALSE,FALSE,FALSE,,,
184,Electivire,,FALSE,,FALSE,,FALSE,,FALSE,FALSE,FALSE,FALSE,,,
185,Gligar ♂,,FALSE,FALSE,FALSE,,FALSE,FALSE,FALSE,FALSE,FALSE,FALSE,,,
,Gligar ♀,,,FALSE,FALSE,,,FALSE,FALSE,,,,,,
186,Gliscor,,FALSE,,FALSE,,FALSE,,FALSE,FALSE,FALSE,FALSE,,,
187,Gible ♂,,FALSE,FALSE,FALSE,,FALSE,FALSE,FALSE,FALSE,FALSE,FALSE,,,
,Gible ♀,,,FALSE,FALSE,,,FALSE,FALSE,,,,,,
188,Gabite ♂,,FALSE,FALSE,FALSE,,FALSE,FALSE,FALSE,FALSE,FALSE,FALSE,,,
,Gabite ♀,,,FALSE,FALSE,,,FALSE,FALSE,,,,,,
189,Garchomp ♂,,FALSE,FALSE,FALSE,,FALSE,FALSE,FALSE,FALSE,FALSE,FALSE,,,
,Garchomp ♀,,,FALSE,FALSE,,,FALSE,FALSE,,,,,,
190,Nosepass,,FALSE,,FALSE,,FALSE,,FALSE,FALSE,FALSE,FALSE,,,
191,Probopass,,FALSE,,FALSE,,FALSE,,FALSE,FALSE,FALSE,FALSE,,,
192,Hisuian Voltorb,,FALSE,,FALSE,,FALSE,,FALSE,FALSE,FALSE,FALSE,,,
193,Hisuian Electrode,,FALSE,,FALSE,,FALSE,,FALSE,FALSE,FALSE,FALSE,,,
194,Rotom Normal,,FALSE,FALSE,FALSE,,FALSE,FALSE,FALSE,FALSE,FALSE,FALSE,,,
,Rotom Heat,,,FALSE,FALSE,,,FALSE,FALSE,,,,,,
,Rotom Wasch,,,FALSE,FALSE,,,FALSE,FALSE,,,,,,
,Rotom Mow,,,FALSE,FALSE,,,FALSE,FALSE,,,,,,
,Rotom Frost,,,FALSE,FALSE,,,FALSE,FALSE,,,,,,
,Rotom Fan,,,FALSE,FALSE,,,FALSE,FALSE,,,,,,
195,Chingling,,FALSE,,FALSE,,FALSE,,FALSE,FALSE,FALSE,FALSE,,,
196,Chimecho,,FALSE,,FALSE,,FALSE,,FALSE,FALSE,FALSE,FALSE,,,
197,Misdreavus,,FALSE,,FALSE,,FALSE,,FALSE,FALSE,FALSE,FALSE,,,
198,Mismagius,,FALSE,,FALSE,,FALSE,,FALSE,FALSE,FALSE,FALSE,,,
199,Cleffa,,FALSE,,FALSE,,FALSE,,FALSE,FALSE,FALSE,FALSE,,,
200,Clefairy,,FALSE,,FALSE,,FALSE,,FALSE,FALSE,FALSE,FALSE,,,
201,Clefable,,FALSE,,FALSE,,FALSE,,FALSE,FALSE,FALSE,FALSE,,,
202,Sneasel ♂,,FALSE,FALSE,FALSE,,FALSE,FALSE,FALSE,FALSE,FALSE,FALSE,,,
,Sneasel ♀,,,FALSE,FALSE,,,FALSE,FALSE,,,,,,
,Hisui Sneasel ♂,,,FALSE,FALSE,,FALSE,FALSE,FALSE,,,,,,
,Hisui Sneasel ♀,,,FALSE,FALSE,,,FALSE,FALSE,,,,,,
203,Sneasler,,FALSE,,FALSE,,FALSE,,FALSE,FALSE,FALSE,FALSE,,,
204,Weavile ♂,,FALSE,FALSE,FALSE,,FALSE,FALSE,FALSE,FALSE,FALSE,FALSE,,,
,Weavile ♀,,,FALSE,FALSE,,,FALSE,FALSE,,,,,,
205,Snorunt,,FALSE,,FALSE,,FALSE,,FALSE,FALSE,FALSE,FALSE,,,
206,Glalie,,FALSE,,FALSE,,FALSE,,FALSE,FALSE,FALSE,FALSE,,,
207,Froslass,,FALSE,,FALSE,,FALSE,,FALSE,FALSE,FALSE,FALSE,,,
208,Cranidos,,FALSE,,FALSE,,FALSE,,FALSE,FALSE,FALSE,FALSE,,,
209,Rapmpardos,,FALSE,,FALSE,,FALSE,,FALSE,FALSE,FALSE,FALSE,,,
210,Shieldon,,FALSE,,FALSE,,FALSE,,FALSE,FALSE,FALSE,FALSE,,,
211,Bastiodon,,FALSE,,FALSE,,FALSE,,FALSE,FALSE,FALSE,FALSE,,,
212,Swinub,,FALSE,,FALSE,,FALSE,,FALSE,FALSE,FALSE,FALSE,,,
213,Piloswine ♂,,FALSE,FALSE,FALSE,,FALSE,FALSE,FALSE,FALSE,FALSE,FALSE,,,
,Piloswine ♀,,,FALSE,FALSE,,,FALSE,FALSE,,,,,,
214,Mamoswine ♂,,FALSE,FALSE,FALSE,,FALSE,FALSE,FALSE,FALSE,FALSE,FALSE,,,
,Mamoswine ♀,,,FALSE,FALSE,,,FALSE,FALSE,,,,,,
215,Bergmite,,FALSE,,FALSE,,FALSE,,FALSE,FALSE,FALSE,FALSE,,,
216,Hisuian Avalugg,,FALSE,,FALSE,,FALSE,,FALSE,FALSE,FALSE,FALSE,,,
217,Snover ♂,,FALSE,FALSE,FALSE,,FALSE,FALSE,FALSE,FALSE,FALSE,FALSE,,,
,Snover ♀,,,FALSE,FALSE,,,FALSE,FALSE,,,,,,
218,Abomasnow ♂,,FALSE,FALSE,FALSE,,FALSE,FALSE,FALSE,FALSE,FALSE,FALSE,,,
,Abomasnow ♀,,,FALSE,FALSE,,,FALSE,FALSE,,,,,,
219,Hisuian Zorua,,FALSE,,FALSE,,FALSE,,FALSE,FALSE,FALSE,FALSE,,,
220,Hisuian Zoroark,,FALSE,,FALSE,,FALSE,,FALSE,FALSE,FALSE,FALSE,,,
221,Rufflet,,FALSE,,FALSE,,FALSE,,FALSE,FALSE,FALSE,FALSE,,,
222,Hisuian Braviary,,FALSE,,FALSE,,FALSE,,FALSE,FALSE,FALSE,FALSE,,,
223,Riolu,,FALSE,,FALSE,,FALSE,,FALSE,FALSE,FALSE,FALSE,,,
224,Lucario,,FALSE,,FALSE,,FALSE,,FALSE,FALSE,FALSE,FALSE,,,
225,Uxie,,FALSE,,,,,,,FALSE,FALSE,FALSE,,,
226,Mesprit,,FALSE,,,,,,,FALSE,FALSE,FALSE,,,
227,Azelf,,FALSE,,,,,,,FALSE,FALSE,FALSE,,,
228,Heatran,,FALSE,,,,,,,FALSE,FALSE,FALSE,,,
229,Regigigas,,FALSE,,,,,,,FALSE,FALSE,FALSE,,,
230,Cresselia,,FALSE,,,,,,,FALSE,FALSE,FALSE,,,
231,Tornadus Incarnate,,FALSE,FALSE,,,,,,FALSE,FALSE,FALSE,,,
,Tornadus Therian,,,FALSE,,,,,,,,,,,
232,Thundurus Incarnate,,FALSE,FALSE,,,,,,FALSE,FALSE,FALSE,,,
,Thundurus Therian,,,FALSE,,,,,,,,,,,
233,Landorus Incarnate,,FALSE,FALSE,,,,,,FALSE,FALSE,FALSE,,,
,Landorus Therian,,,FALSE,,,,,,,,,,,
234,#N/A,#N/A,FALSE,FALSE,,,,,,FALSE,FALSE,FALSE,,,
,#N/A,#N/A,,FALSE,,,,,,,,,,,
235,Dialga Normal,,FALSE,FALSE,,,,,,FALSE,FALSE,FALSE,,,
,Dialga Origin,,,FALSE,,,,,,,,,,,
236,Palkia Normal,,FALSE,FALSE,,,,,,FALSE,FALSE,FALSE,,,
,Palkia Origin,,,FALSE,,,,,,,,,,,
237,Giratina Altrered,,FALSE,FALSE,,,,,,FALSE,FALSE,FALSE,,,
,Giratina Origin,,,FALSE,,,,,,,,,,,
238,Arceus Normal,,FALSE,FALSE,,,,,,FALSE,FALSE,FALSE,,,
,Arceus Fire,,,FALSE,,,,,,,,,,,
,Arceus Water,,,FALSE,,,,,,,,,,,
,Arceus Electric,,,FALSE,,,,,,,,,,,
,Arceus Grass,,,FALSE,,,,,,,,,,,
,Arceus Ice,,,FALSE,,,,,,,,,,,
,Arceus Fighting,,,FALSE,,,,,,,,,,,
,Arceus Poison,,,FALSE,,,,,,,,,,,
,Arceus Ground,,,FALSE,,,,,,,,,,,
,Arceus Flying,,,FALSE,,,,,,,,,,,
,Arceus Psychic,,,FALSE,,,,,,,,,,,
,Arceus Bug,,,FALSE,,,,,,,,,,,
,Arceus Rock,,,FALSE,,,,,,,,,,,
,Arceus Ghost,,,FALSE,,,,,,,,,,,
,Arceus Dragon,,,FALSE,,,,,,,,,,,
,Arceus Dark,,,FALSE,,,,,,,,,,,
,Arceus Steel,,,FALSE,,,,,,,,,,,
, Arceus Fairy,,,FALSE,,,,,,,,,,,
239,Phione,,FALSE,,,,,,,FALSE,FALSE,FALSE,,,
240,Manaphy,,FALSE,,,,,,,FALSE,FALSE,FALSE,,,
241,Shaymin Land,,FALSE,FALSE,,,,,,FALSE,FALSE,FALSE,,,
,Shaymin Sky,,,FALSE,,,,,,,,,,,
242,Darkrai,,FALSE,,,,,,,FALSE,FALSE,FALSE,,,