National Dex,Name,Sprite,Caught,"0,00%",,Boxable Forms,Name,Sprite,Caught,"0,00%",,Alolan,Name,Sprite,Caught,"0,00%",,Galarian,Name,Sprite,Caught,"0,00%",,Hisuian,Name,Sprite,Caught,"0,00%",,Paldean,Name,Sprite,Caught,"0,00%",,Gender Variation,Name,Sprite,Caught,"0,00%",,Mega,Name,Sprite,Caught,"0,00%",,Gmax,Name,Sprite,Caught,"0,00%",,Gmax Forms,Name,Sprite,Caught,"0,00%"
1,Bulbasaur,,FALSE,,,1,Original Cap Pikachu,,FALSE,,,1,Alolan Rattata,,FALSE,,,1,Galarian Meowth,,FALSE,,,1,Hisuian Growlithe,,FALSE,,,1,Paldean Tauros,,FALSE,,,1,Venusaur ♂,,FALSE,,,1,Mega Venusaur,,FALSE,,,1,Bulbasaur,,FALSE,,,1,Venusaur ♂,,FALSE,
2,Ivysaur,,FALSE,,,2,Hoenn Cap Pikachu,,FALSE,,,2,Alolan Raticate,,FALSE,,,2,Galarian Ponyta,,FALSE,,,2,Hisuian Arcanine,,FALSE,,,2,Paldean Wooper,,FALSE,,,2,Venusaur ♀,,FALSE,,,2,Mega Charizard X,,FALSE,,,2,Ivysaur,,FALSE,,,2,Venusaur ♀,,FALSE,
3,Venusaur,,FALSE,,,3,Sinnoh Cap Pikachu,,FALSE,,,3,Alolan Raichu,,FALSE,,,3,Galarian Rapidash,,FALSE,,,3,Hisuian Voltorb,,FALSE,,,,,,,,,3,Butterfree ♂,,FALSE,,,3,Mega Charizard Y,,FALSE,,,3,Gmax Venusaur,,FALSE,,,3,Butterfree ♂,,FALSE,
4,Charmander,,FALSE,,,4,Unova Cap Pikachu,,FALSE,,,4,Alolan Sandshrew,,FALSE,,,4,Galarian Slowpoke,,FALSE,,,4,Hisuian Electrode,,FALSE,,,,,,,,,4,Butterfree ♀,,FALSE,,,4,Mega Blastoise,,FALSE,,,4,Charmander,,FALSE,,,4,Butterfree ♀,,FALSE,
5,Charmeleon,,FALSE,,,5,Kalos Cap Pikachu,,FALSE,,,5,Alolan Sandslash,,FALSE,,,5,Galarian Slowbro,,FALSE,,,5,Hisuian Typhlosion,,FALSE,,,,,,,,,5,Rattata ♂,,FALSE,,,5,Mega Beedrill,,FALSE,,,5,Charmeleon,,FALSE,,,5,Pikachu ♂,,FALSE,
6,Charizard,,FALSE,,,6,Alola Cap Pikachu,,FALSE,,,6,Alolan Vulpix,,FALSE,,,6,Galarian Farfetch'd,,FALSE,,,6,Hisui Qwilfish,,FALSE,,,,,,,,,6,Rattata ♀,,FALSE,,,6,Mega Pidgeot,,FALSE,,,6,Gmax Charizard,,FALSE,,,6,Pikachu ♀,,FALSE,
7,Squirtle,,FALSE,,,7,Partner Cap Pikachu,,FALSE,,,7,Alolan Ninetales,,FALSE,,,7,Galarian Weezing,,FALSE,,,7,Hisui Sneasel,,FALSE,,,,,,,,,7,Raticate ♂,,FALSE,,,7,Mega Alakazam,,FALSE,,,7,Squirtle,,FALSE,,,7,Eevee ♂,,FALSE,
8,Wartortle,,FALSE,,,8,World Cap Pikachu,,FALSE,,,8,Alolan Diglett,,FALSE,,,8,Galarian Mr. Mime,,FALSE,,,8,Hisuian Samurott,,FALSE,,,,,,,,,8,Raticate ♀,,FALSE,,,8,Mega Slowbro,,FALSE,,,8,Wartortle,,FALSE,,,8,Eevee ♀,,FALSE,
9,Blastoise,,FALSE,,,9,Paldean Tauros Combat Breed,,FALSE,,,9,Alolan Dugtrio,,FALSE,,,9,Galarian Articuno,,FALSE,,,9,Hisui Lilligant,,FALSE,,,,,,,,,9,Pikachu ♂,,FALSE,,,9,Mega Gengar,,FALSE,,,9,Gmax Blastoise,,FALSE,,,9,Toxtricity Amped,,FALSE,
10,Caterpie,,FALSE,,,10,Paldean Tauros Blaze Breed,,FALSE,,,10,Alolan Mewoth,,FALSE,,,10,Galarian Zapdos,,FALSE,,,10,Hisuian Zorua,,FALSE,,,,,,,,,10,Pikachu ♀,,FALSE,,,10,Mega Kangaskhan,,FALSE,,,10,Gmax Butterfree,,FALSE,,,10,Toxtricity Low Key,,FALSE,
11,Metapod,,FALSE,,,11,Paldean Tauros Aqua Breed,,FALSE,,,11,Alolan Persian,,FALSE,,,11,Galarian Moltres,,FALSE,,,11,Hisuian Zoroark,,FALSE,,,,,,,,,11,Raichu ♂,,FALSE,,,11,Mega Pinsir,,FALSE,,,11,Gmax Pikachu,,FALSE,,,11,Alcremie Berry Vanilla Cream,,FALSE,
12,Butterfree,,FALSE,,,12,Unown-A,,FALSE,,,12,Alolan Geodude,,FALSE,,,12,Galarian Slowking,,FALSE,,,12,Hisuian Braviary,,FALSE,,,,,,,,,12,Raichu ♀,,FALSE,,,12,Mega Gyarados,,FALSE,,,12,Gmax Meowth,,FALSE,,,12,Alcremie Berry Ruby Cream,,FALSE,
13,Weedle,,FALSE,,,13,Unown-B,,FALSE,,,13,Alolan Graveler,,FALSE,,,13,Galarian Corsola,,FALSE,,,13,Hisuian Sliggoo,,FALSE,,,,,,,,,13,Zubat ♂,,FALSE,,,13,Mega Aerodactyl,,FALSE,,,13,Gmax Machamp,,FALSE,,,13,Alcremie Berry Caramel Swirl,,FALSE,
14,Kakuna,,FALSE,,,14,Unown-C,,FALSE,,,14,Alolan Golem,,FALSE,,,14,Galarian Zigzagoon,,FALSE,,,14,Hisuian Goodra,,FALSE,,,,,,,,,14,Zubat ♀,,FALSE,,,14,Mega Mewtwo X,,FALSE,,,14,Gmax Gengar,,FALSE,,,14,Alcremie Berry Ruby Swirl,,FALSE,
15,Beedrill,,FALSE,,,15,Unown-D,,FALSE,,,15,Alolan Grimer,,FALSE,,,15,Galarian Linoone,,FALSE,,,15,Hisuian Avalugg,,FALSE,,,,,,,,,15,Golbat ♂,,FALSE,,,15,Mega Mewtwo Y,,FALSE,,,15,Gmax Kingler,,FALSE,,,15,Alcremie Berry Matcha Cream,,FALSE,
16,Pidgey,,FALSE,,,16,Unown-E,,FALSE,,,16,Alolan Muk,,FALSE,,,16,Galarian Darumaka,,FALSE,,,16,Hisuian Decidueye,,FALSE,,,,,,,,,16,Golbat ♀,,FALSE,,,16,Mega Ampharos,,FALSE,,,16,Gmax Lapras,,FALSE,,,16,Alcremie Berry Salted Cream,,FALSE,
17,Pidgeotto,,FALSE,,,17,Unown-F,,FALSE,,,17,Alolan Exeggutor,,FALSE,,,17,Galarian Darmanitan,,FALSE,,,,,,,,,,,,,,,17,Gloom ♂,,FALSE,,,17,Mega Steelix,,FALSE,,,17,Gmax Eevee,,FALSE,,,17,Alcremie Berry Lemon Cream,,FALSE,
18,Pidgeot,,FALSE,,,18,Unown-G,,FALSE,,,18,Alolan Marowak,,FALSE,,,18,Galarian Yamask,,FALSE,,,,,,,,,,,,,,,18,Gloom ♀,,FALSE,,,18,Mega Scizor,,FALSE,,,18,Gmax Snorlax,,FALSE,,,18,Alcremie Berry Mint Cream,,FALSE,
19,Rattata,,FALSE,,,19,Unown-H,,FALSE,,,,,,,,,19,Galarian Stunfisk,,FALSE,,,,,,,,,,,,,,,19,Vileplume ♂,,FALSE,,,19,Mega Heracross,,FALSE,,,19,Gmax Garbodor,,FALSE,,,19,Alcremie Berry Rainbow Swirl,,FALSE,
20,Raticate,,FALSE,,,20,Unown-I,,FALSE,,,,,,,,,,,,,,,,,,,,,,,,,,,20,Vileplume ♀,,FALSE,,,20,Mega Houndoom,,FALSE,,,20,Gmax Melmetal,,FALSE,,,20,Alcremie Flower Vanilla Cream,,FALSE,
21,Spearow,,FALSE,,,21,Unown-J,,FALSE,,,,,,,,,,,,,,,,,,,,,,,,,,,21,Kadabra ♂,,FALSE,,,21,Mega Tyranitar,,FALSE,,,21,Gmax Rillaboom,,FALSE,,,21,Alcremie Flower Ruby Cream,,FALSE,
22,Fearow,,FALSE,,,22,Unown-K,,FALSE,,,,,,,,,,,,,,,,,,,,,,,,,,,22,Kadabra ♀,,FALSE,,,22,Mega Sceptile,,FALSE,,,22,Gmax Cinderace,,FALSE,,,22,Alcremie Flower Caramel Swirl,,FALSE,
23,Ekans,,FALSE,,,23,Unown-L,,FALSE,,,,,,,,,,,,,,,,,,,,,,,,,,,23,Alakazam ♂,,FALSE,,,23,Mega Blaziken,,FALSE,,,23,Gmax Inteleon,,FALSE,,,23,Alcremie Flower Ruby Swirl,,FALSE,
24,Arbok,,FALSE,,,24,Unown-M,,FALSE,,,,,,,,,,,,,,,,,,,,,,,,,,,24,Alakazam ♀,,FALSE,,,24,Mega Swampert,,FALSE,,,24,Gmax Corviknight,,FALSE,,,24,Alcremie Flower Matcha Cream,,FALSE,
25,Pikachu,,FALSE,,,25,Unown-N,,FALSE,,,,,,,,,,,,,,,,,,,,,,,,,,,25,Doduo ♂,,FALSE,,,25,Mega Gardevoir,,FALSE,,,25,Gmax Orbeetle,,FALSE,,,25,Alcremie Flower Salted Cream,,FALSE,
26,Raichu,,FALSE,,,26,Unown-O,,FALSE,,,,,,,,,,,,,,,,,,,,,,,,,,,26,Doduo ♀,,FALSE,,,26,Mega Sableye,,FALSE,,,26,Gmax Drednaw,,FALSE,,,26,Alcremie Flower Lemon Cream,,FALSE,
27,Sandshrew,,FALSE,,,27,Unown-P,,FALSE,,,,,,,,,,,,,,,,,,,,,,,,,,,27,Dodrio ♂,,FALSE,,,27,Mega Mawile,,FALSE,,,27,Gmax Coalossal,,FALSE,,,27,Alcremie Flower Mint Cream,,FALSE,
28,Sandslash,,FALSE,,,28,Unown-Q,,FALSE,,,,,,,,,,,,,,,,,,,,,,,,,,,28,Dodrio ♀,,FALSE,,,28,Mega Aggron,,FALSE,,,28,Gmax Flapple,,FALSE,,,28,Alcremie Flower Rainbow Swirl,,FALSE,
29,Nidoran♀,,FALSE,,,29,Unown-R,,FALSE,,,,,,,,,,,,,,,,,,,,,,,,,,,29,Hypno ♂,,FALSE,,,29,Mega Medicham,,FALSE,,,29,Gmax Appletun,,FALSE,,,29,Alcremie Strawberry Vanilla Cream,,FALSE,
30,Nidorina,,FALSE,,,30,Unown-S,,FALSE,,,,,,,,,,,,,,,,,,,,,,,,,,,30,Hypno ♀,,FALSE,,,30,Mega Manectric,,FALSE,,,30,Gmax Sandaconda,,FALSE,,,30,Alcremie Strawberry Ruby Cream,,FALSE,
31,Nidoqueen,,FALSE,,,31,Unown-T,,FALSE,,,,,,,,,,,,,,,,,,,,,,,,,,,31,Rhyhorn ♂,,FALSE,,,31,Mega Sharpedo,,FALSE,,,31,Gmax Toxtricity,,FALSE,,,31,Alcremie Strawberry Caramel Swirl,,FALSE,
32,Nidoran♂,,FALSE,,,32,Unown-U,,FALSE,,,,,,,,,,,,,,,,,,,,,,,,,,,32,Rhyhorn ♀,,FALSE,,,32,Mega Camerupt,,FALSE,,,32,Gmax Centiskorch,,FALSE,,,32,Alcremie Strawberry Ruby Swirl,,FALSE,
33,Nidorino,,FALSE,,,33,Unown-V,,FALSE,,,,,,,,,,,,,,,,,,,,,,,,,,,33,Rhydon ♂,,FALSE,,,33,Mega Altaria,,FALSE,,,33,Hattrem,,FALSE,,,33,Alcremie Strawberry Matcha Cream,,FALSE,
34,Nidoking,,FALSE,,,34,Unown-W,,FALSE,,,,,,,,,,,,,,,,,,,,,,,,,,,34,Rhydon ♀,,FALSE,,,34,Mega Banette,,FALSE,,,34,Gmax Hatterene,,FALSE,,,34,Alcremie Strawberry Salted Cream,,FALSE,
35,Clefairy,,FALSE,,,35,Unown-X,,FALSE,,,,,,,,,,,,,,,,,,,,,,,,,,,35,Goldeen ♂,,FALSE,,,35,Mega Absol,,FALSE,,,35,Gmax Grimmsnarl,,FALSE,,,35,Alcremie Strawberry Lemon Cream,,FALSE,
36,Clefable,,FALSE,,,36,Unown-Y,,FALSE,,,,,,,,,,,,,,,,,,,,,,,,,,,36,Goldeen ♀,,FALSE,,,36,Mega Glalie,,FALSE,,,36,Milcery,,FALSE,,,36,Alcremie Strawberry Mint Cream,,FALSE,
37,Vulpix,,FALSE,,,37,Unown-Z,,FALSE,,,,,,,,,,,,,,,,,,,,,,,,,,,37,Seaking ♂,,FALSE,,,37,Mega Salamence,,FALSE,,,37,Gmax Alcremie,,FALSE,,,37,Alcremie Strawberry Rainbow Swirl,,FALSE,
38,Ninetales,,FALSE,,,38,Unown-Exclamation Mark,,FALSE,,,,,,,,,,,,,,,,,,,,,,,,,,,38,Seaking ♀,,FALSE,,,38,Mega Metagross,,FALSE,,,38,Gmax Copperajah,,FALSE,,,38,Alcremie Heart Vanilla Cream,,FALSE,
39,Jigglypuff,,FALSE,,,39,Unown-Question Mark,,FALSE,,,,,,,,,,,,,,,,,,,,,,,,,,,39,Scyther ♂,,FALSE,,,39,Mega Latias,,FALSE,,,39,Gmax Duraludon,,FALSE,,,39,Alcremie Heart Ruby Cream,,FALSE,
40,Wigglytuff,,FALSE,,,40,Deoxys-Normal,,FALSE,,,,,,,,,,,,,,,,,,,,,,,,,,,40,Scyther♀ ,,FALSE,,,40,Mega Latios,,FALSE,,,40,Gmax Urshifu,,FALSE,,,40,Alcremie Heart Caramel Swirl,,FALSE,
41,Zubat,,FALSE,,,41,Deoxys-Attack,,FALSE,,,,,,,,,,,,,,,,,,,,,,,,,,,41,Magikarp ♂,,FALSE,,,41,Primal Kyogre,,FALSE,,,,,,,,,41,Alcremie Heart Ruby Swirl,,FALSE,
42,Golbat,,FALSE,,,42,Deoxys-Defense,,FALSE,,,,,,,,,,,,,,,,,,,,,,,,,,,42,Magikarp ♀,,FALSE,,,42,Primal Groudon,,FALSE,,,,,,,,,42,Alcremie Heart Matcha Cream,,FALSE,
43,Oddish,,FALSE,,,43,Deoxys-Speed,,FALSE,,,,,,,,,,,,,,,,,,,,,,,,,,,43,Gyarados ♂,,FALSE,,,43,Mega Rayquaza,,FALSE,,,,,,,,,43,Alcremie Heart Salted Cream,,FALSE,
44,Gloom,,FALSE,,,44,Burmy Plant Cloak,,FALSE,,,,,,,,,,,,,,,,,,,,,,,,,,,44,Gyarados ♀,,FALSE,,,44,Mega Lopunny,,FALSE,,,,,,,,,44,Alcremie Heart Lemon Cream,,FALSE,
45,Vileplume,,FALSE,,,45,Burmy Sandy Cloak,,FALSE,,,,,,,,,,,,,,,,,,,,,,,,,,,45,Eevee ♂,,FALSE,,,45,Mega Garchomp,,FALSE,,,,,,,,,45,Alcremie Heart Mint Cream,,FALSE,
46,Paras,,FALSE,,,46,Burmy Trash Cloak,,FALSE,,,,,,,,,,,,,,,,,,,,,,,,,,,46,Eevee ♀,,FALSE,,,46,Mega Lucario,,FALSE,,,,,,,,,46,Alcremie Heart Rainbow Swirl,,FALSE,
47,Parasect,,FALSE,,,47,Wormadam Plant Cloak,,FALSE,,,,,,,,,,,,,,,,,,,,,,,,,,,47,Meganium ♂,,FALSE,,,47,Mega Abomasnow,,FALSE,,,,,,,,,47,Alcremie Clover Vanilla Cream,,FALSE,
48,Venonat,,FALSE,,,48,Wormadam Sandy Cloak,,FALSE,,,,,,,,,,,,,,,,,,,,,,,,,,,48,Meganium ♀,,FALSE,,,48,Mega Gallade,,FALSE,,,,,,,,,48,Alcremie Clover Ruby Cream,,FALSE,
49,Venomoth,,FALSE,,,49,Wormadam Trash Cloak,,FALSE,,,,,,,,,,,,,,,,,,,,,,,,,,,49,Ledyba ♂,,FALSE,,,49,Mega Audino,,FALSE,,,,,,,,,49,Alcremie Clover Caramel Swirl,,FALSE,
50,Diglett,,FALSE,,,50,Shellos West,,FALSE,,,,,,,,,,,,,,,,,,,,,,,,,,,50,Ledyba ♀,,FALSE,,,50,Mega Diancie,,FALSE,,,,,,,,,50,Alcremie Clover Ruby Swirl,,FALSE,
51,Dugtrio,,FALSE,,,51,Shellos East,,FALSE,,,,,,,,,,,,,,,,,,,,,,,,,,,51,Ledian ♂,,FALSE,,,,,,,,,,,,,,,51,Alcremie Clover Matcha Cream,,FALSE,
52,Meowth,,FALSE,,,52,Gastrodon West,,FALSE,,,,,,,,,,,,,,,,,,,,,,,,,,,52,Ledian ♀,,FALSE,,,,,,,,,,,,,,,52,Alcremie Clover Salted Cream,,FALSE,
53,Persian,,FALSE,,,53,Gastrodon East,,FALSE,,,,,,,,,,,,,,,,,,,,,,,,,,,53,Xatu ♂,,FALSE,,,,,,,,,,,,,,,53,Alcremie Clover Lemon Cream,,FALSE,
54,Psyduck,,FALSE,,,54,Rotom Normal,,FALSE,,,,,,,,,,,,,,,,,,,,,,,,,,,54,Xatu ♀,,FALSE,,,,,,,,,,,,,,,54,Alcremie Clover Mint Cream,,FALSE,
55,Golduck,,FALSE,,,55,Rotom Heat,,FALSE,,,,,,,,,,,,,,,,,,,,,,,,,,,55,Sudowoodo ♂,,FALSE,,,,,,,,,,,,,,,55,Alcremie Clover Rainbow Swirl,,FALSE,
56,Mankey,,FALSE,,,56,Rotom Wasch,,FALSE,,,,,,,,,,,,,,,,,,,,,,,,,,,56,Sudowoodo ♀,,FALSE,,,,,,,,,,,,,,,56,Alcremie Ribbon Vanilla Cream,,FALSE,
57,Primeape,,FALSE,,,57,Rotom Mow,,FALSE,,,,,,,,,,,,,,,,,,,,,,,,,,,57,Politoed ♂,,FALSE,,,,,,,,,,,,,,,57,Alcremie Ribbon Ruby Cream,,FALSE,
58,Growlithe,,FALSE,,,58,Rotom Frost,,FALSE,,,,,,,,,,,,,,,,,,,,,,,,,,,58,Politoed ♀,,FALSE,,,,,,,,,,,,,,,58,Alcremie Ribbon Caramel Swirl,,FALSE,
59,Arcanine,,FALSE,,,59,Rotom Fan,,FALSE,,,,,,,,,,,,,,,,,,,,,,,,,,,59,Aipom ♂,,FALSE,,,,,,,,,,,,,,,59,Alcremie Ribbon Ruby Swirl,,FALSE,
60,Poliwag,,FALSE,,,60,Dialga Normal,,FALSE,,,,,,,,,,,,,,,,,,,,,,,,,,,60,Aipom ♀,,FALSE,,,,,,,,,,,,,,,60,Alcremie Ribbon Matcha Cream,,FALSE,
61,Poliwhirl,,FALSE,,,61,Palkia Normal,,FALSE,,,,,,,,,,,,,,,,,,,,,,,,,,,61,Wooper ♂,,FALSE,,,,,,,,,,,,,,,61,Alcremie Ribbon Salted Cream,,FALSE,
62,Poliwrath,,FALSE,,,62,Giratina Altrered,,FALSE,,,,,,,,,,,,,,,,,,,,,,,,,,,62,Wooper ♀,,FALSE,,,,,,,,,,,,,,,62,Alcremie Ribbon Lemon Cream,,FALSE,
63,Abra,,FALSE,,,63,Shaymin Land,,FALSE,,,,,,,,,,,,,,,,,,,,,,,,,,,63,Quagsire ♂,,FALSE,,,,,,,,,,,,,,,63,Alcremie Ribbon Mint Cream,,FALSE,
64,Kadabra,,FALSE,,,64,Shaymin Sky,,FALSE,,,,,,,,,,,,,,,,,,,,,,,,,,,64,Quagsire ♀,,FALSE,,,,,,,,,,,,,,,64,Alcremie Ribbon Rainbow Swirl,,FALSE,
65,Alakazam,,FALSE,,,65,Arceus Normal,,FALSE,,,,,,,,,,,,,,,,,,,,,,,,,,,65,Murkrow ♂,,FALSE,,,,,,,,,,,,,,,65,Alcremie Star Vanilla Cream,,FALSE,
66,Machop,,FALSE,,,66,Basculin Red-Striped,,FALSE,,,,,,,,,,,,,,,,,,,,,,,,,,,66,Murkrow ♀,,FALSE,,,,,,,,,,,,,,,66,Alcremie Star Ruby Cream,,FALSE,
67,Machoke,,FALSE,,,67,Basculin Blue-Striped,,FALSE,,,,,,,,,,,,,,,,,,,,,,,,,,,67,Wobbuffet ♂,,FALSE,,,,,,,,,,,,,,,67,Alcremie Star Caramel Swirl,,FALSE,
68,Machamp,,FALSE,,,68,Basculin White-Striped,,FALSE,,,,,,,,,,,,,,,,,,,,,,,,,,,68,Wobbuffet ♀,,FALSE,,,,,,,,,,,,,,,68,Alcremie Star Ruby Swirl,,FALSE,
69,Bellsprout,,FALSE,,,69,Spring Deerling,,FALSE,,,,,,,,,,,,,,,,,,,,,,,,,,,69,Girafarig ♂,,FALSE,,,,,,,,,,,,,,,69,Alcremie Star Matcha Cream,,FALSE,
70,Weepinbell,,FALSE,,,70,Summer Deerling,,FALSE,,,,,,,,,,,,,,,,,,,,,,,,,,,70,Girafarig ♀,,FALSE,,,,,,,,,,,,,,,70,Alcremie Star Salted Cream,,FALSE,
71,Victreebel,,FALSE,,,71,Autumn Deerling,,FALSE,,,,,,,,,,,,,,,,,,,,,,,,,,,71,Gligar ♂,,FALSE,,,,,,,,,,,,,,,71,Alcremie Star Lemon Cream,,FALSE,
72,Tentacool,,FALSE,,,72,Winter Deerling,,FALSE,,,,,,,,,,,,,,,,,,,,,,,,,,,72,Gligar ♀,,FALSE,,,,,,,,,,,,,,,72,Alcremie Star Mint Cream,,FALSE,
73,Tentacruel,,FALSE,,,73,Spring Sawsbuck,,FALSE,,,,,,,,,,,,,,,,,,,,,,,,,,,73,Steelix ♂,,FALSE,,,,,,,,,,,,,,,73,Alcremie Star Rainbow Swirl,,FALSE,
74,Geodude,,FALSE,,,74,Summer Sawsbuck,,FALSE,,,,,,,,,,,,,,,,,,,,,,,,,,,74,Steelix ♀,,FALSE,,,,,,,,,,,,,,,74,Gmax Urshifu Single Strike,,FALSE,
75,Graveler,,FALSE,,,75,Autumn Sawsbuck,,FALSE,,,,,,,,,,,,,,,,,,,,,,,,,,,75,Scizor ♂,,FALSE,,,,,,,,,,,,,,,75,Gmax Urshifu Rapid Strike,,FALSE,
76,Golem,,FALSE,,,76,Winter Sawsbuck,,FALSE,,,,,,,,,,,,,,,,,,,,,,,,,,,76,Scizor ♀,,FALSE,,,,,,,,,,,,,,,,,,,
77,Ponyta,,FALSE,,,77,Tornadus Incarnate,,FALSE,,,,,,,,,,,,,,,,,,,,,,,,,,,77,Heracross ♂,,FALSE,,,,,,,,,,,,,,,,,,,
78,Rapidash,,FALSE,,,78,Tornadus Therian,,FALSE,,,,,,,,,,,,,,,,,,,,,,,,,,,78,Heracross ♀,,FALSE,,,,,,,,,,,,,,,,,,,
79,Slowpoke,,FALSE,,,79,Thundurus Incarnate,,FALSE,,,,,,,,,,,,,,,,,,,,,,,,,,,79,Sneasel ♂,,FALSE,,,,,,,,,,,,,,,,,,,
80,Slowbro,,FALSE,,,80,Thundurus Therian,,FALSE,,,,,,,,,,,,,,,,,,,,,,,,,,,80,Sneasel ♀,,FALSE,,,,,,,,,,,,,,,,,,,
81,Magnemite,,FALSE,,,81,Landorus Incarnate,,FALSE,,,,,,,,,,,,,,,,,,,,,,,,,,,81,Hisui Sneasel ♂,,FALSE,,,,,,,,,,,,,,,,,,,
82,Magneton,,FALSE,,,82,Landorus Therian,,FALSE,,,,,,,,,,,,,,,,,,,,,,,,,,,82,Hisui Sneasel ♀,,FALSE,,,,,,,,,,,,,,,,,,,
83,Farfetch'd,,FALSE,,,83,Kyurem Normal,,FALSE,,,,,,,,,,,,,,,,,,,,,,,,,,,83,Ursaring ♂,,FALSE,,,,,,,,,,,,,,,,,,,
84,Doduo,,FALSE,,,84,Keldeo Ordinary,,FALSE,,,,,,,,,,,,,,,,,,,,,,,,,,,84,Ursaring ♀,,FALSE,,,,,,,,,,,,,,,,,,,
85,Dodrio,,FALSE,,,85,Keldeo Resolute,,FALSE,,,,,,,,,,,,,,,,,,,,,,,,,,,85,Piloswine ♂,,FALSE,,,,,,,,,,,,,,,,,,,
86,Seel,,FALSE,,,86,Meloetta Aria,,FALSE,,,,,,,,,,,,,,,,,,,,,,,,,,,86,Piloswine ♀,,FALSE,,,,,,,,,,,,,,,,,,,
87,Dewgong,,FALSE,,,87,Genesect Normal,,FALSE,,,,,,,,,,,,,,,,,,,,,,,,,,,87,Octillery ♂,,FALSE,,,,,,,,,,,,,,,,,,,
88,Grimer,,FALSE,,,88,Vivillon Marine Pattern,,FALSE,,,,,,,,,,,,,,,,,,,,,,,,,,,88,Octillery ♀,,FALSE,,,,,,,,,,,,,,,,,,,
89,Muk,,FALSE,,,89,Vivillon River Pattern,,FALSE,,,,,,,,,,,,,,,,,,,,,,,,,,,89,Houndoom ♂,,FALSE,,,,,,,,,,,,,,,,,,,
90,Shellder,,FALSE,,,90,Vivillon Elegant Pattern,,FALSE,,,,,,,,,,,,,,,,,,,,,,,,,,,90,Houndoom ♀,,FALSE,,,,,,,,,,,,,,,,,,,
91,Cloyster,,FALSE,,,91,Vivillon Archipelago Pattern,,FALSE,,,,,,,,,,,,,,,,,,,,,,,,,,,91,Donphan ♂,,FALSE,,,,,,,,,,,,,,,,,,,
92,Gastly,,FALSE,,,92,Vivillon Icy Snow Pattern,,FALSE,,,,,,,,,,,,,,,,,,,,,,,,,,,92,Donphan ♀,,FALSE,,,,,,,,,,,,,,,,,,,
93,Haunter,,FALSE,,,93,Vivillon Sandstorm Pattern,,FALSE,,,,,,,,,,,,,,,,,,,,,,,,,,,93,Torchic ♂,,FALSE,,,,,,,,,,,,,,,,,,,
94,Gengar,,FALSE,,,94,Vivillon Meadow Pattern,,FALSE,,,,,,,,,,,,,,,,,,,,,,,,,,,94,Torchic ♀,,FALSE,,,,,,,,,,,,,,,,,,,
95,Onix,,FALSE,,,95,Vivillon Modern Pattern,,FALSE,,,,,,,,,,,,,,,,,,,,,,,,,,,95,Combusken ♂,,FALSE,,,,,,,,,,,,,,,,,,,
96,Drowzee,,FALSE,,,96,Vivillon Savanna Patern,,FALSE,,,,,,,,,,,,,,,,,,,,,,,,,,,96,Combusken ♀,,FALSE,,,,,,,,,,,,,,,,,,,
97,Hypno,,FALSE,,,97,Vivillon Sun Pattern,,FALSE,,,,,,,,,,,,,,,,,,,,,,,,,,,97,Blaziken ♂,,FALSE,,,,,,,,,,,,,,,,,,,
98,Krabby,,FALSE,,,98,Vivillon Jungle Pattern,,FALSE,,,,,,,,,,,,,,,,,,,,,,,,,,,98,Blaziken ♀,,FALSE,,,,,,,,,,,,,,,,,,,
99,Kingler,,FALSE,,,99,Vivillon Continental Pattern,,FALSE,,,,,,,,,,,,,,,,,,,,,,,,,,,99,Beautifly ♂,,FALSE,,,,,,,,,,,,,,,,,,,
100,Voltorb,,FALSE,,,100,Vivillon Polar Pattern,,FALSE,,,,,,,,,,,,,,,,,,,,,,,,,,,100,Beautifly ♀,,FALSE,,,,,,,,,,,,,,,,,,,
101,Electrode,,FALSE,,,101,Vivillon High Plains Pattern,,FALSE,,,,,,,,,,,,,,,,,,,,,,,,,,,101,Dustox ♂,,FALSE,,,,,,,,,,,,,,,,,,,
102,Exeggcute,,FALSE,,,102,Vivillon Monsoon Pattern,,FALSE,,,,,,,,,,,,,,,,,,,,,,,,,,,102,Dustox ♀,,FALSE,,,,,,,,,,,,,,,,,,,
103,Exeggutor,,FALSE,,,103,Vivillon Tundra Pattern,,FALSE,,,,,,,,,,,,,,,,,,,,,,,,,,,103,Ludicolo ♂,,FALSE,,,,,,,,,,,,,,,,,,,
104,Cubone,,FALSE,,,104,Vivillon Ocean Pattern,,FALSE,,,,,,,,,,,,,,,,,,,,,,,,,,,104,Ludicolo ♀,,FALSE,,,,,,,,,,,,,,,,,,,
105,Marowak,,FALSE,,,105,Vivillon Garden Pattern,,FALSE,,,,,,,,,,,,,,,,,,,,,,,,,,,105,Nuzleaf ♂,,FALSE,,,,,,,,,,,,,,,,,,,
106,Hitmonlee,,FALSE,,,106,Vivillon Fancy Pattern,,FALSE,,,,,,,,,,,,,,,,,,,,,,,,,,,106,Nuzleaf ♀,,FALSE,,,,,,,,,,,,,,,,,,,
107,Hitmonchan,,FALSE,,,107,Vivillon Poké Ball Pattern,,FALSE,,,,,,,,,,,,,,,,,,,,,,,,,,,107,Shiftry ♂,,FALSE,,,,,,,,,,,,,,,,,,,
108,Lickitung,,FALSE,,,108,Flabébé Red Flower,,FALSE,,,,,,,,,,,,,,,,,,,,,,,,,,,108,Shiftry ♀,,FALSE,,,,,,,,,,,,,,,,,,,
109,Koffing,,FALSE,,,109,Flabébé White Flower,,FALSE,,,,,,,,,,,,,,,,,,,,,,,,,,,109,Meditite ♂,,FALSE,,,,,,,,,,,,,,,,,,,
110,Weezing,,FALSE,,,110,Flabébé Orange Flower,,FALSE,,,,,,,,,,,,,,,,,,,,,,,,,,,110,Meditite ♀,,FALSE,,,,,,,,,,,,,,,,,,,
111,Rhyhorn,,FALSE,,,111,Flabébé Yellow Flower,,FALSE,,,,,,,,,,,,,,,,,,,,,,,,,,,111,Medicham ♂,,FALSE,,,,,,,,,,,,,,,,,,,
112,Rhydon,,FALSE,,,112,Flabébé Blue Flower,,FALSE,,,,,,,,,,,,,,,,,,,,,,,,,,,112,Medicham ♀,,FALSE,,,,,,,,,,,,,,,,,,,
113,Chansey,,FALSE,,,113,Floette Red Flower,,FALSE,,,,,,,,,,,,,,,,,,,,,,,,,,,113,Roselia ♂,,FALSE,,,,,,,,,,,,,,,,,,,
114,Tangela,,FALSE,,,114,Floette White Flower,,FALSE,,,,,,,,,,,,,,,,,,,,,,,,,,,114,Roselia ♀,,FALSE,,,,,,,,,,,,,,,,,,,
115,Kangaskhan,,FALSE,,,115,Floette Orange Flower,,FALSE,,,,,,,,,,,,,,,,,,,,,,,,,,,115,Gulpin ♂,,FALSE,,,,,,,,,,,,,,,,,,,
116,Horsea,,FALSE,,,116,Floette Yellow Flower,,FALSE,,,,,,,,,,,,,,,,,,,,,,,,,,,116,Gulpin ♀,,FALSE,,,,,,,,,,,,,,,,,,,
117,Seadra,,FALSE,,,117,Floette Blue Flower,,FALSE,,,,,,,,,,,,,,,,,,,,,,,,,,,117,Swalot ♂,,FALSE,,,,,,,,,,,,,,,,,,,
118,Goldeen,,FALSE,,,118,Florges Red Flower,,FALSE,,,,,,,,,,,,,,,,,,,,,,,,,,,118,Swalot ♀,,FALSE,,,,,,,,,,,,,,,,,,,
119,Seaking,,FALSE,,,119,Florges White Flower,,FALSE,,,,,,,,,,,,,,,,,,,,,,,,,,,119,Numel ♂,,FALSE,,,,,,,,,,,,,,,,,,,
120,Staryu,,FALSE,,,120,Florges Orange Flower,,FALSE,,,,,,,,,,,,,,,,,,,,,,,,,,,120,Numel ♀,,FALSE,,,,,,,,,,,,,,,,,,,
121,Starmie,,FALSE,,,121,Florges Yellow Flower,,FALSE,,,,,,,,,,,,,,,,,,,,,,,,,,,121,Camerupt ♂,,FALSE,,,,,,,,,,,,,,,,,,,
122,Mr. Mime,,FALSE,,,122,Florges Blue Flower,,FALSE,,,,,,,,,,,,,,,,,,,,,,,,,,,122,Camerupt ♀,,FALSE,,,,,,,,,,,,,,,,,,,
123,Scyther,,FALSE,,,123,Furfrou Natural,,FALSE,,,,,,,,,,,,,,,,,,,,,,,,,,,123,Cacturne ♂,,FALSE,,,,,,,,,,,,,,,,,,,
124,Jinx,,FALSE,,,124,Furfrou Heart Trim,,FALSE,,,,,,,,,,,,,,,,,,,,,,,,,,,124,Cacturne ♀,,FALSE,,,,,,,,,,,,,,,,,,,
125,Electabuzz,,FALSE,,,125,Furfrou Star Trim,,FALSE,,,,,,,,,,,,,,,,,,,,,,,,,,,125,Milotic ♂,,FALSE,,,,,,,,,,,,,,,,,,,
126,Magmar,,FALSE,,,126,Furfrou Diamond Trim,,FALSE,,,,,,,,,,,,,,,,,,,,,,,,,,,126,Milotic ♀,,FALSE,,,,,,,,,,,,,,,,,,,
127,Pinsir,,FALSE,,,127,Furfrou La Reine Trim,,FALSE,,,,,,,,,,,,,,,,,,,,,,,,,,,127,Relicanth ♂,,FALSE,,,,,,,,,,,,,,,,,,,
128,Tauros,,FALSE,,,128,Furfrou Kabuki Trim,,FALSE,,,,,,,,,,,,,,,,,,,,,,,,,,,128,Relicanth ♀,,FALSE,,,,,,,,,,,,,,,,,,,
129,Magikarp,,FALSE,,,129,Furfrou Pharaoh Trim,,FALSE,,,,,,,,,,,,,,,,,,,,,,,,,,,129,Starly ♂,,FALSE,,,,,,,,,,,,,,,,,,,
130,Gyarados,,FALSE,,,130,Furfrou Debutante Trim,,FALSE,,,,,,,,,,,,,,,,,,,,,,,,,,,130,Starly ♀,,FALSE,,,,,,,,,,,,,,,,,,,
131,Lapras,,FALSE,,,131,Furfrou Matron Trim,,FALSE,,,,,,,,,,,,,,,,,,,,,,,,,,,131,Staravia ♂,,FALSE,,,,,,,,,,,,,,,,,,,
132,Ditto,,FALSE,,,132,Furfrou Dandy Trim,,FALSE,,,,,,,,,,,,,,,,,,,,,,,,,,,132,Staravia ♀,,FALSE,,,,,,,,,,,,,,,,,,,
133,Eevee,,FALSE,,,133,Pumpkaboo Small,,FALSE,,,,,,,,,,,,,,,,,,,,,,,,,,,133,Staraptor ♂,,FALSE,,,,,,,,,,,,,,,,,,,
134,Vaporeon,,FALSE,,,134,Pumpkaboo Average,,FALSE,,,,,,,,,,,,,,,,,,,,,,,,,,,134,Staraptor ♀,,FALSE,,,,,,,,,,,,,,,,,,,
135,Jolteon,,FALSE,,,135,Pumpkaboo Large,,FALSE,,,,,,,,,,,,,,,,,,,,,,,,,,,135,Bidoof ♂,,FALSE,,,,,,,,,,,,,,,,,,,
136,Flareon,,FALSE,,,136,Pumpkaboo Super,,FALSE,,,,,,,,,,,,,,,,,,,,,,,,,,,136,Bidoof ♀,,FALSE,,,,,,,,,,,,,,,,,,,
137,Porygon,,FALSE,,,137,Gourgeist Small,,FALSE,,,,,,,,,,,,,,,,,,,,,,,,,,,137,Bibarel ♂,,FALSE,,,,,,,,,,,,,,,,,,,
138,Omanyte,,FALSE,,,138,Gourgeist Average,,FALSE,,,,,,,,,,,,,,,,,,,,,,,,,,,138,Bibarel ♀,,FALSE,,,,,,,,,,,,,,,,,,,
139,Omastar,,FALSE,,,139,Gourgeist Large,,FALSE,,,,,,,,,,,,,,,,,,,,,,,,,,,139,Kricketot ♂,,FALSE,,,,,,,,,,,,,,,,,,,
140,Kabuto,,FALSE,,,140,Gourgeist Super,,FALSE,,,,,,,,,,,,,,,,,,,,,,,,,,,140,Kricketot ♀,,FALSE,,,,,,,,,,,,,,,,,,,
141,Kabutops,,FALSE,,,141,Zygarde 10%,,FALSE,,,,,,,,,,,,,,,,,,,,,,,,,,,141,Kricketune ♂,,FALSE,,,,,,,,,,,,,,,,,,,
142,Aerodactyl,,FALSE,,,142,Zygarde 50%,,FALSE,,,,,,,,,,,,,,,,,,,,,,,,,,,142,Kricketune ♀,,FALSE,,,,,,,,,,,,,,,,,,,
143,Snorlax,,FALSE,,,143,Hoopa Confined,,FALSE,,,,,,,,,,,,,,,,,,,,,,,,,,,143,Shinx ♂,,FALSE,,,,,,,,,,,,,,,,,,,
144,Articuno,,FALSE,,,144,Hoopa Unbound,,FALSE,,,,,,,,,,,,,,,,,,,,,,,,,,,144,Shinx ♀,,FALSE,,,,,,,,,,,,,,,,,,,
145,Zapdos,,FALSE,,,145,Oricorio Baile Style,,FALSE,,,,,,,,,,,,,,,,,,,,,,,,,,,145,Luxio ♂,,FALSE,,,,,,,,,,,,,,,,,,,
146,Moltres,,FALSE,,,146,Oricorio Pom-Pom Style,,FALSE,,,,,,,,,,,,,,,,,,,,,,,,,,,146,Luxio ♀,,FALSE,,,,,,,,,,,,,,,,,,,
147,Dratini,,FALSE,,,147,Oricorio Pa'u Style,,FALSE,,,,,,,,,,,,,,,,,,,,,,,,,,,147,Luxray ♂,,FALSE,,,,,,,,,,,,,,,,,,,
148,Dragonair,,FALSE,,,148,Oricorio Sensu Style,,FALSE,,,,,,,,,,,,,,,,,,,,,,,,,,,148,Luxray ♀,,FALSE,,,,,,,,,,,,,,,,,,,
149,Dragonite,,FALSE,,,149,Lycanroc Midday,,FALSE,,,,,,,,,,,,,,,,,,,,,,,,,,,149,Roserade ♂,,FALSE,,,,,,,,,,,,,,,,,,,
150,Mewtwo,,FALSE,,,150,Lycanroc Midnight,,FALSE,,,,,,,,,,,,,,,,,,,,,,,,,,,150,Roserade ♀,,FALSE,,,,,,,,,,,,,,,,,,,
151,Mew,,FALSE,,,151,Lycanroc Dusk,,FALSE,,,,,,,,,,,,,,,,,,,,,,,,,,,151,Combee ♂,,FALSE,,,,,,,,,,,,,,,,,,,
152,Chikorita,,FALSE,,,152,Silvally Normal,,FALSE,,,,,,,,,,,,,,,,,,,,,,,,,,,152,Combee ♀,,FALSE,,,,,,,,,,,,,,,,,,,
153,Bayleef,,FALSE,,,153,Minior Red,,FALSE,,,,,,,,,,,,,,,,,,,,,,,,,,,153,Pachirisu ♂,,FALSE,,,,,,,,,,,,,,,,,,,
154,Meganium,,FALSE,,,154,Minior Indigo,,FALSE,,,,,,,,,,,,,,,,,,,,,,,,,,,154,Pachirisu ♀,,FALSE,,,,,,,,,,,,,,,,,,,
155,Cyndaquil,,FALSE,,,155,Minior Yellow,,FALSE,,,,,,,,,,,,,,,,,,,,,,,,,,,155,Buizel ♂,,FALSE,,,,,,,,,,,,,,,,,,,
156,Quilava,,FALSE,,,156,Minior Green,,FALSE,,,,,,,,,,,,,,,,,,,,,,,,,,,156,Buizel ♀,,FALSE,,,,,,,,,,,,,,,,,,,
157,Typhlosion,,FALSE,,,157,Minior Blue,,FALSE,,,,,,,,,,,,,,,,,,,,,,,,,,,157,Floatzel ♂,,FALSE,,,,,,,,,,,,,,,,,,,
158,Totodile,,FALSE,,,158,Minior Orange,,FALSE,,,,,,,,,,,,,,,,,,,,,,,,,,,158,Floatzel ♀,,FALSE,,,,,,,,,,,,,,,,,,,
159,Croconaw,,FALSE,,,159,Minior Violet,,FALSE,,,,,,,,,,,,,,,,,,,,,,,,,,,159,Ambipom ♂,,FALSE,,,,,,,,,,,,,,,,,,,
160,Feraligatr,,FALSE,,,160,Necrozma Normal,,FALSE,,,,,,,,,,,,,,,,,,,,,,,,,,,160,Ambipom ♀,,FALSE,,,,,,,,,,,,,,,,,,,
161,Sentret,,FALSE,,,161,Magearna Normal,,FALSE,,,,,,,,,,,,,,,,,,,,,,,,,,,161,Gible ♂,,FALSE,,,,,,,,,,,,,,,,,,,
162,Furret,,FALSE,,,162,Magearna Original,,FALSE,,,,,,,,,,,,,,,,,,,,,,,,,,,162,Gible ♀,,FALSE,,,,,,,,,,,,,,,,,,,
163,Hoothoot,,FALSE,,,163,Toxtricity Amped,,FALSE,,,,,,,,,,,,,,,,,,,,,,,,,,,163,Gabite ♂,,FALSE,,,,,,,,,,,,,,,,,,,
164,Noctowl,,FALSE,,,164,Toxtricity Low Key,,FALSE,,,,,,,,,,,,,,,,,,,,,,,,,,,164,Gabite ♀,,FALSE,,,,,,,,,,,,,,,,,,,
165,Ledyba,,FALSE,,,165,Sinistea Phony,,FALSE,,,,,,,,,,,,,,,,,,,,,,,,,,,165,Garchomp ♂,,FALSE,,,,,,,,,,,,,,,,,,,
166,Ledian,,FALSE,,,166, Sinistea Antique,,FALSE,,,,,,,,,,,,,,,,,,,,,,,,,,,166,Garchomp ♀,,FALSE,,,,,,,,,,,,,,,,,,,
167,Spinarak,,FALSE,,,167,Polteageist Phony,,FALSE,,,,,,,,,,,,,,,,,,,,,,,,,,,167,Hippopotas ♂,,FALSE,,,,,,,,,,,,,,,,,,,
168,Ariados,,FALSE,,,168,Polteageist Antique,,FALSE,,,,,,,,,,,,,,,,,,,,,,,,,,,168,Hippopotas ♀,,FALSE,,,,,,,,,,,,,,,,,,,
169,Crobat,,FALSE,,,169,Alcremie Berry Vanilla Cream,,FALSE,,,,,,,,,,,,,,,,,,,,,,,,,,,169,Hippowdon ♂,,FALSE,,,,,,,,,,,,,,,,,,,
170,Chinchou,,FALSE,,,170,Alcremie Berry Ruby Cream,,FALSE,,,,,,,,,,,,,,,,,,,,,,,,,,,170,Hippowdon ♀,,FALSE,,,,,,,,,,,,,,,,,,,
171,Lanturn,,FALSE,,,171,Alcremie Berry Caramel Swirl,,FALSE,,,,,,,,,,,,,,,,,,,,,,,,,,,171,Croagunk ♂,,FALSE,,,,,,,,,,,,,,,,,,,
172,Pichu,,FALSE,,,172,Alcremie Berry Ruby Swirl,,FALSE,,,,,,,,,,,,,,,,,,,,,,,,,,,172,Croagunk ♀,,FALSE,,,,,,,,,,,,,,,,,,,
173,Cleffa,,FALSE,,,173,Alcremie Berry Matcha Cream,,FALSE,,,,,,,,,,,,,,,,,,,,,,,,,,,173,Toxicroak ♂,,FALSE,,,,,,,,,,,,,,,,,,,
174,Igglybuff,,FALSE,,,174,Alcremie Berry Salted Cream,,FALSE,,,,,,,,,,,,,,,,,,,,,,,,,,,174,Toxicroak ♀,,FALSE,,,,,,,,,,,,,,,,,,,
175,Togepi,,FALSE,,,175,Alcremie Berry Lemon Cream,,FALSE,,,,,,,,,,,,,,,,,,,,,,,,,,,175,Fineon ♂,,FALSE,,,,,,,,,,,,,,,,,,,
176,Togetic,,FALSE,,,176,Alcremie Berry Mint Cream,,FALSE,,,,,,,,,,,,,,,,,,,,,,,,,,,176,Fineon ♀,,FALSE,,,,,,,,,,,,,,,,,,,
177,Natu,,FALSE,,,177,Alcremie Berry Rainbow Swirl,,FALSE,,,,,,,,,,,,,,,,,,,,,,,,,,,177,Lumineon ♂,,FALSE,,,,,,,,,,,,,,,,,,,
178,Xatu,,FALSE,,,178,Alcremie Flower Vanilla Cream,,FALSE,,,,,,,,,,,,,,,,,,,,,,,,,,,178,Lumineon ♀,,FALSE,,,,,,,,,,,,,,,,,,,
179,Mareep,,FALSE,,,179,Alcremie Flower Ruby Cream,,FALSE,,,,,,,,,,,,,,,,,,,,,,,,,,,179,Snover ♂,,FALSE,,,,,,,,,,,,,,,,,,,
180,Flaaffy,,FALSE,,,180,Alcremie Flower Caramel Swirl,,FALSE,,,,,,,,,,,,,,,,,,,,,,,,,,,180,Snover ♀,,FALSE,,,,,,,,,,,,,,,,,,,
181,Ampharos,,FALSE,,,181,Alcremie Flower Ruby Swirl,,FALSE,,,,,,,,,,,,,,,,,,,,,,,,,,,181,Abomasnow ♂,,FALSE,,,,,,,,,,,,,,,,,,,
182,Bellossom,,FALSE,,,182,Alcremie Flower Matcha Cream,,FALSE,,,,,,,,,,,,,,,,,,,,,,,,,,,182,Abomasnow ♀,,FALSE,,,,,,,,,,,,,,,,,,,
183,Marill,,FALSE,,,183,Alcremie Flower Salted Cream,,FALSE,,,,,,,,,,,,,,,,,,,,,,,,,,,183,Weavile ♂,,FALSE,,,,,,,,,,,,,,,,,,,
184,Azumarill,,FALSE,,,184,Alcremie Flower Lemon Cream,,FALSE,,,,,,,,,,,,,,,,,,,,,,,,,,,184,Weavile ♀,,FALSE,,,,,,,,,,,,,,,,,,,
185,Sudowoodo,,FALSE,,,185,Alcremie Flower Mint Cream,,FALSE,,,,,,,,,,,,,,,,,,,,,,,,,,,185,Rhyperior ♂,,FALSE,,,,,,,,,,,,,,,,,,,
186,Politoed,,FALSE,,,186,Alcremie Flower Rainbow Swirl,,FALSE,,,,,,,,,,,,,,,,,,,,,,,,,,,186,Rhyperior ♀,,FALSE,,,,,,,,,,,,,,,,,,,
187,Hoppip,,FALSE,,,187,Alcremie Strawberry Vanilla Cream,,FALSE,,,,,,,,,,,,,,,,,,,,,,,,,,,187,Tangrowth ♂,,FALSE,,,,,,,,,,,,,,,,,,,
188,Skiploom,,FALSE,,,188,Alcremie Strawberry Ruby Cream,,FALSE,,,,,,,,,,,,,,,,,,,,,,,,,,,188,Tangrowth ♀,,FALSE,,,,,,,,,,,,,,,,,,,
189,Jumpluff,,FALSE,,,189,Alcremie Strawberry Caramel Swirl,,FALSE,,,,,,,,,,,,,,,,,,,,,,,,,,,189,Mamoswine ♂,,FALSE,,,,,,,,,,,,,,,,,,,
190,Aipom,,FALSE,,,190,Alcremie Strawberry Ruby Swirl,,FALSE,,,,,,,,,,,,,,,,,,,,,,,,,,,190,Mamoswine ♀,,FALSE,,,,,,,,,,,,,,,,,,,
191,Sunkern,,FALSE,,,191,Alcremie Strawberry Matcha Cream,,FALSE,,,,,,,,,,,,,,,,,,,,,,,,,,,191,Unfezant ♂,,FALSE,,,,,,,,,,,,,,,,,,,
192,Sunflora,,FALSE,,,192,Alcremie Strawberry Salted Cream,,FALSE,,,,,,,,,,,,,,,,,,,,,,,,,,,192,Unfezant ♀,,FALSE,,,,,,,,,,,,,,,,,,,
193,Yanma,,FALSE,,,193,Alcremie Strawberry Lemon Cream,,FALSE,,,,,,,,,,,,,,,,,,,,,,,,,,,193,Frillish ♂,,FALSE,,,,,,,,,,,,,,,,,,,
194,Wooper,,FALSE,,,194,Alcremie Strawberry Mint Cream,,FALSE,,,,,,,,,,,,,,,,,,,,,,,,,,,194,Frillish ♀,,FALSE,,,,,,,,,,,,,,,,,,,
195,Quagsire,,FALSE,,,195,Alcremie Strawberry Rainbow Swirl,,FALSE,,,,,,,,,,,,,,,,,,,,,,,,,,,195,Jellicent ♂,,FALSE,,,,,,,,,,,,,,,,,,,
196,Espeon,,FALSE,,,196,Alcremie Heart Vanilla Cream,,FALSE,,,,,,,,,,,,,,,,,,,,,,,,,,,196,Jellicent ♀,,FALSE,,,,,,,,,,,,,,,,,,,
197,Umbreon,,FALSE,,,197,Alcremie Heart Ruby Cream,,FALSE,,,,,,,,,,,,,,,,,,,,,,,,,,,197,Pyroar ♂,,FALSE,,,,,,,,,,,,,,,,,,,
198,Murkrow,,FALSE,,,198,Alcremie Heart Caramel Swirl,,FALSE,,,,,,,,,,,,,,,,,,,,,,,,,,,198,Pyroar ♀,,FALSE,,,,,,,,,,,,,,,,,,,
199,Slowking,,FALSE,,,199,Alcremie Heart Ruby Swirl,,FALSE,,,,,,,,,,,,,,,,,,,,,,,,,,,199,Meowstic ♂,,FALSE,,,,,,,,,,,,,,,,,,,
200,Misdreavus,,FALSE,,,200,Alcremie Heart Matcha Cream,,FALSE,,,,,,,,,,,,,,,,,,,,,,,,,,,200,Meowstic ♀,,FALSE,,,,,,,,,,,,,,,,,,,
201,Unown,,FALSE,,,201,Alcremie Heart Salted Cream,,FALSE,,,,,,,,,,,,,,,,,,,,,,,,,,,201,Indeedee ♂,,FALSE,,,,,,,,,,,,,,,,,,,
202,Wobbuffet,,FALSE,,,202,Alcremie Heart Lemon Cream,,FALSE,,,,,,,,,,,,,,,,,,,,,,,,,,,202,Indeedee ♀,,FALSE,,,,,,,,,,,,,,,,,,,
203,Girafarig,,FALSE,,,203,Alcremie Heart Mint Cream,,FALSE,,,,,,,,,,,,,,,,,,,,,,,,,,,203,Basculegion ♂,,FALSE,,,,,,,,,,,,,,,,,,,
204,Pineco,,FALSE,,,204,Alcremie Heart Rainbow Swirl,,FALSE,,,,,,,,,,,,,,,,,,,,,,,,,,,204,Basculegion ♀,,FALSE,,,,,,,,,,,,,,,,,,,
205,Forretress,,FALSE,,,205,Alcremie Clover Vanilla Cream,,FALSE,,,,,,,,,,,,,,,,,,,,,,,,,,,205,Oinkologne ♂,,FALSE,,,,,,,,,,,,,,,,,,,
206,Dunsparce,,FALSE,,,206,Alcremie Clover Ruby Cream,,FALSE,,,,,,,,,,,,,,,,,,,,,,,,,,,206,Oinkologne ♀,,FALSE,,,,,,,,,,,,,,,,,,,
207,Gligar,,FALSE,,,207,Alcremie Clover Caramel Swirl,,FALSE,,,,,,,,,,,,,,,,,,,,,,,,,,,,,,,,,,,,,,,,,,,,,,,,,
208,Steelix,,FALSE,,,208,Alcremie Clover Ruby Swirl,,FALSE,,,,,,,,,,,,,,,,,,,,,,,,,,,,,,,,,,,,,,,,,,,,,,,,,
209,Snubbull,,FALSE,,,209,Alcremie Clover Matcha Cream,,FALSE,,,,,,,,,,,,,,,,,,,,,,,,,,,,,,,,,,,,,,,,,,,,,,,,,
210,Grandbull,,FALSE,,,210,Alcremie Clover Salted Cream,,FALSE,,,,,,,,,,,,,,,,,,,,,,,,,,,,,,,,,,,,,,,,,,,,,,,,,
211,Qwilfish,,FALSE,,,211,Alcremie Clover Lemon Cream,,FALSE,,,,,,,,,,,,,,,,,,,,,,,,,,,,,,,,,,,,,,,,,,,,,,,,,
212,Scizor,,FALSE,,,212,Alcremie Clover Mint Cream,,FALSE,,,,,,,,,,,,,,,,,,,,,,,,,,,,,,,,,,,,,,,,,,,,,,,,,
213,Shuckle,,FALSE,,,213,Alcremie Clover Rainbow Swirl,,FALSE,,,,,,,,,,,,,,,,,,,,,,,,,,,,,,,,,,,,,,,,,,,,,,,,,
214,Heracross,,FALSE,,,214,Alcremie Ribbon Vanilla Cream,,FALSE,,,,,,,,,,,,,,,,,,,,,,,,,,,,,,,,,,,,,,,,,,,,,,,,,
215,Sneasel,,FALSE,,,215,Alcremie Ribbon Ruby Cream,,FALSE,,,,,,,,,,,,,,,,,,,,,,,,,,,,,,,,,,,,,,,,,,,,,,,,,
216,Teddiursa,,FALSE,,,216,Alcremie Ribbon Caramel Swirl,,FALSE,,,,,,,,,,,,,,,,,,,,,,,,,,,,,,,,,,,,,,,,,,,,,,,,,
217,Ursaring,,FALSE,,,217,Alcremie Ribbon Ruby Swirl,,FALSE,,,,,,,,,,,,,,,,,,,,,,,,,,,,,,,,,,,,,,,,,,,,,,,,,
218,Slugma,,FALSE,,,218,Alcremie Ribbon Matcha Cream,,FALSE,,,,,,,,,,,,,,,,,,,,,,,,,,,,,,,,,,,,,,,,,,,,,,,,,
219,Magcargo,,FALSE,,,219,Alcremie Ribbon Salted Cream,,FALSE,,,,,,,,,,,,,,,,,,,,,,,,,,,,,,,,,,,,,,,,,,,,,,,,,
220,Swinub,,FALSE,,,220,Alcremie Ribbon Lemon Cream,,FALSE,,,,,,,,,,,,,,,,,,,,,,,,,,,,,,,,,,,,,,,,,,,,,,,,,
221,Piloswine,,FALSE,,,221,Alcremie Ribbon Mint Cream,,FALSE,,,,,,,,,,,,,,,,,,,,,,,,,,,,,,,,,,,,,,,,,,,,,,,,,
222,Corsola,,FALSE,,,222,Alcremie Ribbon Rainbow Swirl,,FALSE,,,,,,,,,,,,,,,,,,,,,,,,,,,,,,,,,,,,,,,,,,,,,,,,,
223,Remoraid,,FALSE,,,223,Alcremie Star Vanilla Cream,,FALSE,,,,,,,,,,,,,,,,,,,,,,,,,,,,,,,,,,,,,,,,,,,,,,,,,
224,Octillery,,FALSE,,,224,Alcremie Star Ruby Cream,,FALSE,,,,,,,,,,,,,,,,,,,,,,,,,,,,,,,,,,,,,,,,,,,,,,,,,
225,Delibird,,FALSE,,,225,Alcremie Star Caramel Swirl,,FALSE,,,,,,,,,,,,,,,,,,,,,,,,,,,,,,,,,,,,,,,,,,,,,,,,,
226,Mantine,,FALSE,,,226,Alcremie Star Ruby Swirl,,FALSE,,,,,,,,,,,,,,,,,,,,,,,,,,,,,,,,,,,,,,,,,,,,,,,,,
227,Skarmory,,FALSE,,,227,Alcremie Star Matcha Cream,,FALSE,,,,,,,,,,,,,,,,,,,,,,,,,,,,,,,,,,,,,,,,,,,,,,,,,
228,Houndour,,FALSE,,,228,Alcremie Star Salted Cream,,FALSE,,,,,,,,,,,,,,,,,,,,,,,,,,,,,,,,,,,,,,,,,,,,,,,,,
229,Houndoom,,FALSE,,,229,Alcremie Star Lemon Cream,,FALSE,,,,,,,,,,,,,,,,,,,,,,,,,,,,,,,,,,,,,,,,,,,,,,,,,
230,Kingdra,,FALSE,,,230,Alcremie Star Mint Cream,,FALSE,,,,,,,,,,,,,,,,,,,,,,,,,,,,,,,,,,,,,,,,,,,,,,,,,
231,Phanpy,,FALSE,,,231,Alcremie Star Rainbow Swirl,,FALSE,,,,,,,,,,,,,,,,,,,,,,,,,,,,,,,,,,,,,,,,,,,,,,,,,
232,Donphan,,FALSE,,,232,Urshifu Single Strike,,FALSE,,,,,,,,,,,,,,,,,,,,,,,,,,,,,,,,,,,,,,,,,,,,,,,,,
233,Porygon2,,FALSE,,,233,Urshifu Rapid Strike,,FALSE,,,,,,,,,,,,,,,,,,,,,,,,,,,,,,,,,,,,,,,,,,,,,,,,,
234,Stantler,,FALSE,,,234,Zarude Normal,,FALSE,,,,,,,,,,,,,,,,,,,,,,,,,,,,,,,,,,,,,,,,,,,,,,,,,
235,Smeargle,,FALSE,,,235,Dada Zarude,,FALSE,,,,,,,,,,,,,,,,,,,,,,,,,,,,,,,,,,,,,,,,,,,,,,,,,
236,Tyrogue,,FALSE,,,236,Calyrex Normal,,FALSE,,,,,,,,,,,,,,,,,,,,,,,,,,,,,,,,,,,,,,,,,,,,,,,,,
237,Hitmontop,,FALSE,,,237,Ursaluna Hisui,,FALSE,,,,,,,,,,,,,,,,,,,,,,,,,,,,,,,,,,,,,,,,,,,,,,,,,
238,Smoochum,,FALSE,,,238,Ursaluna Bloodmoon,,FALSE,,,,,,,,,,,,,,,,,,,,,,,,,,,,,,,,,,,,,,,,,,,,,,,,,
239,Elekid,,FALSE,,,239,Enamorus Incarnate,,FALSE,,,,,,,,,,,,,,,,,,,,,,,,,,,,,,,,,,,,,,,,,,,,,,,,,
240,Magby,,FALSE,,,240,Enamorus Therian,,FALSE,,,,,,,,,,,,,,,,,,,,,,,,,,,,,,,,,,,,,,,,,,,,,,,,,
241,Miltank,,FALSE,,,241,Maushold Family of Three,,FALSE,,,,,,,,,,,,,,,,,,,,,,,,,,,,,,,,,,,,,,,,,,,,,,,,,
242,Blissey,,FALSE,,,242,Maushold Family of Four,,FALSE,,,,,,,,,,,,,,,,,,,,,,,,,,,,,,,,,,,,,,,,,,,,,,,,,
243,Raikou,,FALSE,,,243,Squawkabilly Green Plumage,,FALSE,,,,,,,,,,,,,,,,,,,,,,,,,,,,,,,,,,,,,,,,,,,,,,,,,
244,Entei,,FALSE,,,244,Squawkabilly Blue Plumage,,FALSE,,,,,,,,,,,,,,,,,,,,,,,,,,,,,,,,,,,,,,,,,,,,,,,,,
245,Suicune,,FALSE,,,245,Squawkabilly Yellow Plumage,,FALSE,,,,,,,,,,,,,,,,,,,,,,,,,,,,,,,,,,,,,,,,,,,,,,,,,
246,Larvitar,,FALSE,,,246,Squawkabilly White Plumage,,FALSE,,,,,,,,,,,,,,,,,,,,,,,,,,,,,,,,,,,,,,,,,,,,,,,,,
247,Pupitar,,FALSE,,,247,Tatsugiri Curly Form,,FALSE,,,,,,,,,,,,,,,,,,,,,,,,,,,,,,,,,,,,,,,,,,,,,,,,,
248,Tyranitar,,FALSE,,,248,Tatsugiri Droopy Form,,FALSE,,,,,,,,,,,,,,,,,,,,,,,,,,,,,,,,,,,,,,,,,,,,,,,,,
249,Lugia,,FALSE,,,249,Tatsugiri Stretch Form,,FALSE,,,,,,,,,,,,,,,,,,,,,,,,,,,,,,,,,,,,,,,,,,,,,,,,,
250,Ho-Oh,,FALSE,,,250,Dudunsparce Two-Segment Form,,FALSE,,,,,,,,,,,,,,,,,,,,,,,,,,,,,,,,,,,,,,,,,,,,,,,,,
251,Celebi,,FALSE,,,251,Dudunsparce Three-Segment Form,,FALSE,,,,,,,,,,,,,,,,,,,,,,,,,,,,,,,,,,,,,,,,,,,,,,,,,
252,Treecko,,FALSE,,,252,Gimmighoul Roaming Form,,FALSE,,,,,,,,,,,,,,,,,,,,,,,,,,,,,,,,,,,,,,,,,,,,,,,,,
253,Grovyle,,FALSE,,,253,Gimmighoul Chest Form,,FALSE,,,,,,,,,,,,,,,,,,,,,,,,,,,,,,,,,,,,,,,,,,,,,,,,,
254,Sceptile,,FALSE,,,254,Poltchageist Counterfeit Form,,FALSE,,,,,,,,,,,,,,,,,,,,,,,,,,,,,,,,,,,,,,,,,,,,,,,,,
255,Torchic,,FALSE,,,255,Poltchageist Artisan Form,,FALSE,,,,,,,,,,,,,,,,,,,,,,,,,,,,,,,,,,,,,,,,,,,,,,,,,
256,Combusken,,FALSE,,,256,Sinistcha Unremarkable Form,,FALSE,,,,,,,,,,,,,,,,,,,,,,,,,,,,,,,,,,,,,,,,,,,,,,,,,
257,Blaziken,,FALSE,,,257,Sinistcha Masterpiece Form,,FALSE,,,,,,,,,,,,,,,,,,,,,,,,,,,,,,,,,,,,,,,,,,,,,,,,,
258,Mudkip,,FALSE,,,,,,,,,,,,,,,,,,,,,,,,,,,,,,,,,,,,,,,,,,,,,,,,,,,,,,,
259,Marshtomp,,FALSE,,,,,,,,,,,,,,,,,,,,,,,,,,,,,,,,,,,,,,,,,,,,,,,,,,,,,,,
260,Swampert,,FALSE,,,,,,,,,,,,,,,,,,,,,,,,,,,,,,,,,,,,,,,,,,,,,,,,,,,,,,,
261,Poochyena,,FALSE,,,,,,,,,,,,,,,,,,,,,,,,,,,,,,,,,,,,,,,,,,,,,,,,,,,,,,,
262,Mightyena,,FALSE,,,,,,,,,,,,,,,,,,,,,,,,,,,,,,,,,,,,,,,,,,,,,,,,,,,,,,,
263,Zigzagoon,,FALSE,,,,,,,,,,,,,,,,,,,,,,,,,,,,,,,,,,,,,,,,,,,,,,,,,,,,,,,
264,Linoone,,FALSE,,,,,,,,,,,,,,,,,,,,,,,,,,,,,,,,,,,,,,,,,,,,,,,,,,,,,,,
265,Wurmple,,FALSE,,,,,,,,,,,,,,,,,,,,,,,,,,,,,,,,,,,,,,,,,,,,,,,,,,,,,,,
266,Silcoon,,FALSE,,,,,,,,,,,,,,,,,,,,,,,,,,,,,,,,,,,,,,,,,,,,,,,,,,,,,,,
267,Beautifly,,FALSE,,,,,,,,,,,,,,,,,,,,,,,,,,,,,,,,,,,,,,,,,,,,,,,,,,,,,,,
268,Cascoon,,FALSE,,,,,,,,,,,,,,,,,,,,,,,,,,,,,,,,,,,,,,,,,,,,,,,,,,,,,,,
269,Dustox,,FALSE,,,,,,,,,,,,,,,,,,,,,,,,,,,,,,,,,,,,,,,,,,,,,,,,,,,,,,,
270,Lotad,,FALSE,,,,,,,,,,,,,,,,,,,,,,,,,,,,,,,,,,,,,,,,,,,,,,,,,,,,,,,
271,Lombre,,FALSE,,,,,,,,,,,,,,,,,,,,,,,,,,,,,,,,,,,,,,,,,,,,,,,,,,,,,,,
272,Ludicolo,,FALSE,,,,,,,,,,,,,,,,,,,,,,,,,,,,,,,,,,,,,,,,,,,,,,,,,,,,,,,
273,Seedot,,FALSE,,,,,,,,,,,,,,,,,,,,,,,,,,,,,,,,,,,,,,,,,,,,,,,,,,,,,,,
274,Nuzleaf,,FALSE,,,,,,,,,,,,,,,,,,,,,,,,,,,,,,,,,,,,,,,,,,,,,,,,,,,,,,,
275,Shiftry,,FALSE,,,,,,,,,,,,,,,,,,,,,,,,,,,,,,,,,,,,,,,,,,,,,,,,,,,,,,,
276,Taillow,,FALSE,,,,,,,,,,,,,,,,,,,,,,,,,,,,,,,,,,,,,,,,,,,,,,,,,,,,,,,
277,Swellow,,FALSE,,,,,,,,,,,,,,,,,,,,,,,,,,,,,,,,,,,,,,,,,,,,,,,,,,,,,,,
278,Wingull,,FALSE,,,,,,,,,,,,,,,,,,,,,,,,,,,,,,,,,,,,,,,,,,,,,,,,,,,,,,,
279,Pelipper,,FALSE,,,,,,,,,,,,,,,,,,,,,,,,,,,,,,,,,,,,,,,,,,,,,,,,,,,,,,,
280,Ralts,,FALSE,,,,,,,,,,,,,,,,,,,,,,,,,,,,,,,,,,,,,,,,,,,,,,,,,,,,,,,
281,Kirlia,,FALSE,,,,,,,,,,,,,,,,,,,,,,,,,,,,,,,,,,,,,,,,,,,,,,,,,,,,,,,
282,Gardevoir,,FALSE,,,,,,,,,,,,,,,,,,,,,,,,,,,,,,,,,,,,,,,,,,,,,,,,,,,,,,,
283,Surskit,,FALSE,,,,,,,,,,,,,,,,,,,,,,,,,,,,,,,,,,,,,,,,,,,,,,,,,,,,,,,
284,Masquerain,,FALSE,,,,,,,,,,,,,,,,,,,,,,,,,,,,,,,,,,,,,,,,,,,,,,,,,,,,,,,
285,Shroomish,,FALSE,,,,,,,,,,,,,,,,,,,,,,,,,,,,,,,,,,,,,,,,,,,,,,,,,,,,,,,
286,Breloom,,FALSE,,,,,,,,,,,,,,,,,,,,,,,,,,,,,,,,,,,,,,,,,,,,,,,,,,,,,,,
287,Slakoth,,FALSE,,,,,,,,,,,,,,,,,,,,,,,,,,,,,,,,,,,,,,,,,,,,,,,,,,,,,,,
288,Vigoroth,,FALSE,,,,,,,,,,,,,,,,,,,,,,,,,,,,,,,,,,,,,,,,,,,,,,,,,,,,,,,
289,Slaking,,FALSE,,,,,,,,,,,,,,,,,,,,,,,,,,,,,,,,,,,,,,,,,,,,,,,,,,,,,,,
290,Nincada,,FALSE,,,,,,,,,,,,,,,,,,,,,,,,,,,,,,,,,,,,,,,,,,,,,,,,,,,,,,,
291,Ninjask,,FALSE,,,,,,,,,,,,,,,,,,,,,,,,,,,,,,,,,,,,,,,,,,,,,,,,,,,,,,,
292,Shedinja,,FALSE,,,,,,,,,,,,,,,,,,,,,,,,,,,,,,,,,,,,,,,,,,,,,,,,,,,,,,,
293,Whismur,,FALSE,,,,,,,,,,,,,,,,,,,,,,,,,,,,,,,,,,,,,,,,,,,,,,,,,,,,,,,
294,Loudred,,FALSE,,,,,,,,,,,,,,,,,,,,,,,,,,,,,,,,,,,,,,,,,,,,,,,,,,,,,,,
295,Exploud,,FALSE,,,,,,,,,,,,,,,,,,,,,,,,,,,,,,,,,,,,,,,,,,,,,,,,,,,,,,,
296,Makuhita,,FALSE,,,,,,,,,,,,,,,,,,,,,,,,,,,,,,,,,,,,,,,,,,,,,,,,,,,,,,,
297,Hariyama,,FALSE,,,,,,,,,,,,,,,,,,,,,,,,,,,,,,,,,,,,,,,,,,,,,,,,,,,,,,,
298,Azurill,,FALSE,,,,,,,,,,,,,,,,,,,,,,,,,,,,,,,,,,,,,,,,,,,,,,,,,,,,,,,
299,Nosepass,,FALSE,,,,,,,,,,,,,,,,,,,,,,,,,,,,,,,,,,,,,,,,,,,,,,,,,,,,,,,
300,Skitty,,FALSE,,,,,,,,,,,,,,,,,,,,,,,,,,,,,,,,,,,,,,,,,,,,,,,,,,,,,,,
301,Delcatty,,FALSE,,,,,,,,,,,,,,,,,,,,,,,,,,,,,,,,,,,,,,,,,,,,,,,,,,,,,,,
302,Sableye,,FALSE,,,,,,,,,,,,,,,,,,,,,,,,,,,,,,,,,,,,,,,,,,,,,,,,,,,,,,,
303,Mawile,,FALSE,,,,,,,,,,,,,,,,,,,,,,,,,,,,,,,,,,,,,,,,,,,,,,,,,,,,,,,
304,Aron,,FALSE,,,,,,,,,,,,,,,,,,,,,,,,,,,,,,,,,,,,,,,,,,,,,,,,,,,,,,,
305,Lairon,,FALSE,,,,,,,,,,,,,,,,,,,,,,,,,,,,,,,,,,,,,,,,,,,,,,,,,,,,,,,
306,Aggron,,FALSE,,,,,,,,,,,,,,,,,,,,,,,,,,,,,,,,,,,,,,,,,,,,,,,,,,,,,,,
307,Meditite,,FALSE,,,,,,,,,,,,,,,,,,,,,,,,,,,,,,,,,,,,,,,,,,,,,,,,,,,,,,,
308,Medicham,,FALSE,,,,,,,,,,,,,,,,,,,,,,,,,,,,,,,,,,,,,,,,,,,,,,,,,,,,,,,
309,Electrike,,FALSE,,,,,,,,,,,,,,,,,,,,,,,,,,,,,,,,,,,,,,,,,,,,,,,,,,,,,,,
310,Manectric,,FALSE,,,,,,,,,,,,,,,,,,,,,,,,,,,,,,,,,,,,,,,,,,,,,,,,,,,,,,,
311,Plusle,,FALSE,,,,,,,,,,,,,,,,,,,,,,,,,,,,,,,,,,,,,,,,,,,,,,,,,,,,,,,
312,Minun,,FALSE,,,,,,,,,,,,,,,,,,,,,,,,,,,,,,,,,,,,,,,,,,,,,,,,,,,,,,,
313,Volbeat,,FALSE,,,,,,,,,,,,,,,,,,,,,,,,,,,,,,,,,,,,,,,,,,,,,,,,,,,,,,,
314,Illumise,,FALSE,,,,,,,,,,,,,,,,,,,,,,,,,,,,,,,,,,,,,,,,,,,,,,,,,,,,,,,
315,Roselia,,FALSE,,,,,,,,,,,,,,,,,,,,,,,,,,,,,,,,,,,,,,,,,,,,,,,,,,,,,,,
316,Gulpin,,FALSE,,,,,,,,,,,,,,,,,,,,,,,,,,,,,,,,,,,,,,,,,,,,,,,,,,,,,,,
317,Swalot,,FALSE,,,,,,,,,,,,,,,,,,,,,,,,,,,,,,,,,,,,,,,,,,,,,,,,,,,,,,,
318,Carvanha,,FALSE,,,,,,,,,,,,,,,,,,,,,,,,,,,,,,,,,,,,,,,,,,,,,,,,,,,,,,,
319,Sharpedo,,FALSE,,,,,,,,,,,,,,,,,,,,,,,,,,,,,,,,,,,,,,,,,,,,,,,,,,,,,,,
320,Wailmer,,FALSE,,,,,,,,,,,,,,,,,,,,,,,,,,,,,,,,,,,,,,,,,,,,,,,,,,,,,,,
321,Wailord,,FALSE,,,,,,,,,,,,,,,,,,,,,,,,,,,,,,,,,,,,,,,,,,,,,,,,,,,,,,,
322,Numel,,FALSE,,,,,,,,,,,,,,,,,,,,,,,,,,,,,,,,,,,,,,,,,,,,,,,,,,,,,,,
323,Camerupt,,FALSE,,,,,,,,,,,,,,,,,,,,,,,,,,,,,,,,,,,,,,,,,,,,,,,,,,,,,,,
324,Torkoal,,FALSE,,,,,,,,,,,,,,,,,,,,,,,,,,,,,,,,,,,,,,,,,,,,,,,,,,,,,,,
325,Spoink,,FALSE,,,,,,,,,,,,,,,,,,,,,,,,,,,,,,,,,,,,,,,,,,,,,,,,,,,,,,,
326,Grumpig,,FALSE,,,,,,,,,,,,,,,,,,,,,,,,,,,,,,,,,,,,,,,,,,,,,,,,,,,,,,,
327,Spinda,,FALSE,,,,,,,,,,,,,,,,,,,,,,,,,,,,,,,,,,,,,,,,,,,,,,,,,,,,,,,
328,Trapinch,,FALSE,,,,,,,,,,,,,,,,,,,,,,,,,,,,,,,,,,,,,,,,,,,,,,,,,,,,,,,
329,Vibrava,,FALSE,,,,,,,,,,,,,,,,,,,,,,,,,,,,,,,,,,,,,,,,,,,,,,,,,,,,,,,
330,Flygon,,FALSE,,,,,,,,,,,,,,,,,,,,,,,,,,,,,,,,,,,,,,,,,,,,,,,,,,,,,,,
331,Cacnea,,FALSE,,,,,,,,,,,,,,,,,,,,,,,,,,,,,,,,,,,,,,,,,,,,,,,,,,,,,,,
332,Cacturne,,FALSE,,,,,,,,,,,,,,,,,,,,,,,,,,,,,,,,,,,,,,,,,,,,,,,,,,,,,,,
333,Swablu,,FALSE,,,,,,,,,,,,,,,,,,,,,,,,,,,,,,,,,,,,,,,,,,,,,,,,,,,,,,,
334,Altaria,,FALSE,,,,,,,,,,,,,,,,,,,,,,,,,,,,,,,,,,,,,,,,,,,,,,,,,,,,,,,
335,Zangoose,,FALSE,,,,,,,,,,,,,,,,,,,,,,,,,,,,,,,,,,,,,,,,,,,,,,,,,,,,,,,
336,Seviper,,FALSE,,,,,,,,,,,,,,,,,,,,,,,,,,,,,,,,,,,,,,,,,,,,,,,,,,,,,,,
337,Lunatone,,FALSE,,,,,,,,,,,,,,,,,,,,,,,,,,,,,,,,,,,,,,,,,,,,,,,,,,,,,,,
338,Solrock,,FALSE,,,,,,,,,,,,,,,,,,,,,,,,,,,,,,,,,,,,,,,,,,,,,,,,,,,,,,,
339,Barboach,,FALSE,,,,,,,,,,,,,,,,,,,,,,,,,,,,,,,,,,,,,,,,,,,,,,,,,,,,,,,
340,Whiscash,,FALSE,,,,,,,,,,,,,,,,,,,,,,,,,,,,,,,,,,,,,,,,,,,,,,,,,,,,,,,
341,Corphish,,FALSE,,,,,,,,,,,,,,,,,,,,,,,,,,,,,,,,,,,,,,,,,,,,,,,,,,,,,,,
342,Crawdaunt,,FALSE,,,,,,,,,,,,,,,,,,,,,,,,,,,,,,,,,,,,,,,,,,,,,,,,,,,,,,,
343,Baltoy,,FALSE,,,,,,,,,,,,,,,,,,,,,,,,,,,,,,,,,,,,,,,,,,,,,,,,,,,,,,,
344,Claydol,,FALSE,,,,,,,,,,,,,,,,,,,,,,,,,,,,,,,,,,,,,,,,,,,,,,,,,,,,,,,
345,Lileep,,FALSE,,,,,,,,,,,,,,,,,,,,,,,,,,,,,,,,,,,,,,,,,,,,,,,,,,,,,,,
346,Cradily,,FALSE,,,,,,,,,,,,,,,,,,,,,,,,,,,,,,,,,,,,,,,,,,,,,,,,,,,,,,,
347,Anorith,,FALSE,,,,,,,,,,,,,,,,,,,,,,,,,,,,,,,,,,,,,,,,,,,,,,,,,,,,,,,
348,Armaldo,,FALSE,,,,,,,,,,,,,,,,,,,,,,,,,,,,,,,,,,,,,,,,,,,,,,,,,,,,,,,
349,Feebas,,FALSE,,,,,,,,,,,,,,,,,,,,,,,,,,,,,,,,,,,,,,,,,,,,,,,,,,,,,,,
350,Milotic,,FALSE,,,,,,,,,,,,,,,,,,,,,,,,,,,,,,,,,,,,,,,,,,,,,,,,,,,,,,,
351,Castform,,FALSE,,,,,,,,,,,,,,,,,,,,,,,,,,,,,,,,,,,,,,,,,,,,,,,,,,,,,,,
352,Kecleon,,FALSE,,,,,,,,,,,,,,,,,,,,,,,,,,,,,,,,,,,,,,,,,,,,,,,,,,,,,,,
353,Shuppet,,FALSE,,,,,,,,,,,,,,,,,,,,,,,,,,,,,,,,,,,,,,,,,,,,,,,,,,,,,,,
354,Banette,,FALSE,,,,,,,,,,,,,,,,,,,,,,,,,,,,,,,,,,,,,,,,,,,,,,,,,,,,,,,
355,Duskull,,FALSE,,,,,,,,,,,,,,,,,,,,,,,,,,,,,,,,,,,,,,,,,,,,,,,,,,,,,,,
356,Dusclops,,FALSE,,,,,,,,,,,,,,,,,,,,,,,,,,,,,,,,,,,,,,,,,,,,,,,,,,,,,,,
357,Tropius,,FALSE,,,,,,,,,,,,,,,,,,,,,,,,,,,,,,,,,,,,,,,,,,,,,,,,,,,,,,,
358,Chimecho,,FALSE,,,,,,,,,,,,,,,,,,,,,,,,,,,,,,,,,,,,,,,,,,,,,,,,,,,,,,,
359,Absol,,FALSE,,,,,,,,,,,,,,,,,,,,,,,,,,,,,,,,,,,,,,,,,,,,,,,,,,,,,,,
360,Wynaut,,FALSE,,,,,,,,,,,,,,,,,,,,,,,,,,,,,,,,,,,,,,,,,,,,,,,,,,,,,,,
361,Snorunt,,FALSE,,,,,,,,,,,,,,,,,,,,,,,,,,,,,,,,,,,,,,,,,,,,,,,,,,,,,,,
362,Glalie,,FALSE,,,,,,,,,,,,,,,,,,,,,,,,,,,,,,,,,,,,,,,,,,,,,,,,,,,,,,,
363,Spheal,,FALSE,,,,,,,,,,,,,,,,,,,,,,,,,,,,,,,,,,,,,,,,,,,,,,,,,,,,,,,
364,Sealeo,,FALSE,,,,,,,,,,,,,,,,,,,,,,,,,,,,,,,,,,,,,,,,,,,,,,,,,,,,,,,
365,Walrein,,FALSE,,,,,,,,,,,,,,,,,,,,,,,,,,,,,,,,,,,,,,,,,,,,,,,,,,,,,,,
366,Clamperl,,FALSE,,,,,,,,,,,,,,,,,,,,,,,,,,,,,,,,,,,,,,,,,,,,,,,,,,,,,,,
367,Huntail,,FALSE,,,,,,,,,,,,,,,,,,,,,,,,,,,,,,,,,,,,,,,,,,,,,,,,,,,,,,,
368,Gorebyss,,FALSE,,,,,,,,,,,,,,,,,,,,,,,,,,,,,,,,,,,,,,,,,,,,,,,,,,,,,,,
369,Relicanth,,FALSE,,,,,,,,,,,,,,,,,,,,,,,,,,,,,,,,,,,,,,,,,,,,,,,,,,,,,,,
370,Luvdisc,,FALSE,,,,,,,,,,,,,,,,,,,,,,,,,,,,,,,,,,,,,,,,,,,,,,,,,,,,,,,
371,Bagon,,FALSE,,,,,,,,,,,,,,,,,,,,,,,,,,,,,,,,,,,,,,,,,,,,,,,,,,,,,,,
372,Shelgon,,FALSE,,,,,,,,,,,,,,,,,,,,,,,,,,,,,,,,,,,,,,,,,,,,,,,,,,,,,,,
373,Salamence,,FALSE,,,,,,,,,,,,,,,,,,,,,,,,,,,,,,,,,,,,,,,,,,,,,,,,,,,,,,,
374,Beldum,,FALSE,,,,,,,,,,,,,,,,,,,,,,,,,,,,,,,,,,,,,,,,,,,,,,,,,,,,,,,
375,Metang,,FALSE,,,,,,,,,,,,,,,,,,,,,,,,,,,,,,,,,,,,,,,,,,,,,,,,,,,,,,,
376,Metagross,,FALSE,,,,,,,,,,,,,,,,,,,,,,,,,,,,,,,,,,,,,,,,,,,,,,,,,,,,,,,
377,Regirock,,FALSE,,,,,,,,,,,,,,,,,,,,,,,,,,,,,,,,,,,,,,,,,,,,,,,,,,,,,,,
378,Regice,,FALSE,,,,,,,,,,,,,,,,,,,,,,,,,,,,,,,,,,,,,,,,,,,,,,,,,,,,,,,
379,Registeel,,FALSE,,,,,,,,,,,,,,,,,,,,,,,,,,,,,,,,,,,,,,,,,,,,,,,,,,,,,,,
380,Latias,,FALSE,,,,,,,,,,,,,,,,,,,,,,,,,,,,,,,,,,,,,,,,,,,,,,,,,,,,,,,
381,Latios,,FALSE,,,,,,,,,,,,,,,,,,,,,,,,,,,,,,,,,,,,,,,,,,,,,,,,,,,,,,,
382,Kyogre,,FALSE,,,,,,,,,,,,,,,,,,,,,,,,,,,,,,,,,,,,,,,,,,,,,,,,,,,,,,,
383,Groudon,,FALSE,,,,,,,,,,,,,,,,,,,,,,,,,,,,,,,,,,,,,,,,,,,,,,,,,,,,,,,
384,Rayquaza,,FALSE,,,,,,,,,,,,,,,,,,,,,,,,,,,,,,,,,,,,,,,,,,,,,,,,,,,,,,,
385,Jirachi,,FALSE,,,,,,,,,,,,,,,,,,,,,,,,,,,,,,,,,,,,,,,,,,,,,,,,,,,,,,,
386,Deoxys,,FALSE,,,,,,,,,,,,,,,,,,,,,,,,,,,,,,,,,,,,,,,,,,,,,,,,,,,,,,,
387,Turtwig,,FALSE,,,,,,,,,,,,,,,,,,,,,,,,,,,,,,,,,,,,,,,,,,,,,,,,,,,,,,,
388,Grotle,,FALSE,,,,,,,,,,,,,,,,,,,,,,,,,,,,,,,,,,,,,,,,,,,,,,,,,,,,,,,
389,Torterra,,FALSE,,,,,,,,,,,,,,,,,,,,,,,,,,,,,,,,,,,,,,,,,,,,,,,,,,,,,,,
390,Chimchar,,FALSE,,,,,,,,,,,,,,,,,,,,,,,,,,,,,,,,,,,,,,,,,,,,,,,,,,,,,,,
391,Monferno,,FALSE,,,,,,,,,,,,,,,,,,,,,,,,,,,,,,,,,,,,,,,,,,,,,,,,,,,,,,,
392,Infernape,,FALSE,,,,,,,,,,,,,,,,,,,,,,,,,,,,,,,,,,,,,,,,,,,,,,,,,,,,,,,
393,Piplup,,FALSE,,,,,,,,,,,,,,,,,,,,,,,,,,,,,,,,,,,,,,,,,,,,,,,,,,,,,,,
394,Prinplup,,FALSE,,,,,,,,,,,,,,,,,,,,,,,,,,,,,,,,,,,,,,,,,,,,,,,,,,,,,,,
395,Empoleon,,FALSE,,,,,,,,,,,,,,,,,,,,,,,,,,,,,,,,,,,,,,,,,,,,,,,,,,,,,,,
396,Starly,,FALSE,,,,,,,,,,,,,,,,,,,,,,,,,,,,,,,,,,,,,,,,,,,,,,,,,,,,,,,
397,Staravia,,FALSE,,,,,,,,,,,,,,,,,,,,,,,,,,,,,,,,,,,,,,,,,,,,,,,,,,,,,,,
398,Staraptor,,FALSE,,,,,,,,,,,,,,,,,,,,,,,,,,,,,,,,,,,,,,,,,,,,,,,,,,,,,,,
399,Bidoof,,FALSE,,,,,,,,,,,,,,,,,,,,,,,,,,,,,,,,,,,,,,,,,,,,,,,,,,,,,,,
400,Bibarel,,FALSE,,,,,,,,,,,,,,,,,,,,,,,,,,,,,,,,,,,,,,,,,,,,,,,,,,,,,,,
401,Kricketot,,FALSE,,,,,,,,,,,,,,,,,,,,,,,,,,,,,,,,,,,,,,,,,,,,,,,,,,,,,,,
402,Kricketune,,FALSE,,,,,,,,,,,,,,,,,,,,,,,,,,,,,,,,,,,,,,,,,,,,,,,,,,,,,,,
403,Shinx,,FALSE,,,,,,,,,,,,,,,,,,,,,,,,,,,,,,,,,,,,,,,,,,,,,,,,,,,,,,,
404,Luxio,,FALSE,,,,,,,,,,,,,,,,,,,,,,,,,,,,,,,,,,,,,,,,,,,,,,,,,,,,,,,
405,Luxray,,FALSE,,,,,,,,,,,,,,,,,,,,,,,,,,,,,,,,,,,,,,,,,,,,,,,,,,,,,,,
406,Budew,,FALSE,,,,,,,,,,,,,,,,,,,,,,,,,,,,,,,,,,,,,,,,,,,,,,,,,,,,,,,
407,Roserade,,FALSE,,,,,,,,,,,,,,,,,,,,,,,,,,,,,,,,,,,,,,,,,,,,,,,,,,,,,,,
408,Cranidos,,FALSE,,,,,,,,,,,,,,,,,,,,,,,,,,,,,,,,,,,,,,,,,,,,,,,,,,,,,,,
409,Rapmpardos,,FALSE,,,,,,,,,,,,,,,,,,,,,,,,,,,,,,,,,,,,,,,,,,,,,,,,,,,,,,,
410,Shieldon,,FALSE,,,,,,,,,,,,,,,,,,,,,,,,,,,,,,,,,,,,,,,,,,,,,,,,,,,,,,,
411,Bastiodon,,FALSE,,,,,,,,,,,,,,,,,,,,,,,,,,,,,,,,,,,,,,,,,,,,,,,,,,,,,,,
412,Burmy,,FALSE,,,,,,,,,,,,,,,,,,,,,,,,,,,,,,,,,,,,,,,,,,,,,,,,,,,,,,,
413,Wormadam,,FALSE,,,,,,,,,,,,,,,,,,,,,,,,,,,,,,,,,,,,,,,,,,,,,,,,,,,,,,,
414,Mothim,,FALSE,,,,,,,,,,,,,,,,,,,,,,,,,,,,,,,,,,,,,,,,,,,,,,,,,,,,,,,
415,Combee,,FALSE,,,,,,,,,,,,,,,,,,,,,,,,,,,,,,,,,,,,,,,,,,,,,,,,,,,,,,,
416,Vespiquen,,FALSE,,,,,,,,,,,,,,,,,,,,,,,,,,,,,,,,,,,,,,,,,,,,,,,,,,,,,,,
417,Pachirisu,,FALSE,,,,,,,,,,,,,,,,,,,,,,,,,,,,,,,,,,,,,,,,,,,,,,,,,,,,,,,
418,Buizel,,FALSE,,,,,,,,,,,,,,,,,,,,,,,,,,,,,,,,,,,,,,,,,,,,,,,,,,,,,,,
419,Floatzel,,FALSE,,,,,,,,,,,,,,,,,,,,,,,,,,,,,,,,,,,,,,,,,,,,,,,,,,,,,,,
420,Cherubi,,FALSE,,,,,,,,,,,,,,,,,,,,,,,,,,,,,,,,,,,,,,,,,,,,,,,,,,,,,,,
421,Cherrim,,FALSE,,,,,,,,,,,,,,,,,,,,,,,,,,,,,,,,,,,,,,,,,,,,,,,,,,,,,,,
422,Shellos,,FALSE,,,,,,,,,,,,,,,,,,,,,,,,,,,,,,,,,,,,,,,,,,,,,,,,,,,,,,,
423,Gastrodon,,FALSE,,,,,,,,,,,,,,,,,,,,,,,,,,,,,,,,,,,,,,,,,,,,,,,,,,,,,,,
424,Ambipom,,FALSE,,,,,,,,,,,,,,,,,,,,,,,,,,,,,,,,,,,,,,,,,,,,,,,,,,,,,,,
425,Drifloon,,FALSE,,,,,,,,,,,,,,,,,,,,,,,,,,,,,,,,,,,,,,,,,,,,,,,,,,,,,,,
426,Drifblim,,FALSE,,,,,,,,,,,,,,,,,,,,,,,,,,,,,,,,,,,,,,,,,,,,,,,,,,,,,,,
427,Buneary,,FALSE,,,,,,,,,,,,,,,,,,,,,,,,,,,,,,,,,,,,,,,,,,,,,,,,,,,,,,,
428,Lopunny,,FALSE,,,,,,,,,,,,,,,,,,,,,,,,,,,,,,,,,,,,,,,,,,,,,,,,,,,,,,,
429,Mismagius,,FALSE,,,,,,,,,,,,,,,,,,,,,,,,,,,,,,,,,,,,,,,,,,,,,,,,,,,,,,,
430,Honchkrow,,FALSE,,,,,,,,,,,,,,,,,,,,,,,,,,,,,,,,,,,,,,,,,,,,,,,,,,,,,,,
431,Glameow,,FALSE,,,,,,,,,,,,,,,,,,,,,,,,,,,,,,,,,,,,,,,,,,,,,,,,,,,,,,,
432,Purugly,,FALSE,,,,,,,,,,,,,,,,,,,,,,,,,,,,,,,,,,,,,,,,,,,,,,,,,,,,,,,
433,Chingling,,FALSE,,,,,,,,,,,,,,,,,,,,,,,,,,,,,,,,,,,,,,,,,,,,,,,,,,,,,,,
434,Stunky,,FALSE,,,,,,,,,,,,,,,,,,,,,,,,,,,,,,,,,,,,,,,,,,,,,,,,,,,,,,,
435,Skuntank,,FALSE,,,,,,,,,,,,,,,,,,,,,,,,,,,,,,,,,,,,,,,,,,,,,,,,,,,,,,,
436,Bronzor,,FALSE,,,,,,,,,,,,,,,,,,,,,,,,,,,,,,,,,,,,,,,,,,,,,,,,,,,,,,,
437,Bronzong,,FALSE,,,,,,,,,,,,,,,,,,,,,,,,,,,,,,,,,,,,,,,,,,,,,,,,,,,,,,,
438,Bonsly,,FALSE,,,,,,,,,,,,,,,,,,,,,,,,,,,,,,,,,,,,,,,,,,,,,,,,,,,,,,,
439,Mime Jr.,,FALSE,,,,,,,,,,,,,,,,,,,,,,,,,,,,,,,,,,,,,,,,,,,,,,,,,,,,,,,
440,Happiny,,FALSE,,,,,,,,,,,,,,,,,,,,,,,,,,,,,,,,,,,,,,,,,,,,,,,,,,,,,,,
441,Chatot,,FALSE,,,,,,,,,,,,,,,,,,,,,,,,,,,,,,,,,,,,,,,,,,,,,,,,,,,,,,,
442,Spiritomb,,FALSE,,,,,,,,,,,,,,,,,,,,,,,,,,,,,,,,,,,,,,,,,,,,,,,,,,,,,,,
443,Gible,,FALSE,,,,,,,,,,,,,,,,,,,,,,,,,,,,,,,,,,,,,,,,,,,,,,,,,,,,,,,
444,Gabite,,FALSE,,,,,,,,,,,,,,,,,,,,,,,,,,,,,,,,,,,,,,,,,,,,,,,,,,,,,,,
445,Garchomp,,FALSE,,,,,,,,,,,,,,,,,,,,,,,,,,,,,,,,,,,,,,,,,,,,,,,,,,,,,,,
446,Munchlax,,FALSE,,,,,,,,,,,,,,,,,,,,,,,,,,,,,,,,,,,,,,,,,,,,,,,,,,,,,,,
447,Riolu,,FALSE,,,,,,,,,,,,,,,,,,,,,,,,,,,,,,,,,,,,,,,,,,,,,,,,,,,,,,,
448,Lucario,,FALSE,,,,,,,,,,,,,,,,,,,,,,,,,,,,,,,,,,,,,,,,,,,,,,,,,,,,,,,
449,Hippopotas,,FALSE,,,,,,,,,,,,,,,,,,,,,,,,,,,,,,,,,,,,,,,,,,,,,,,,,,,,,,,
450,Hippowdon,,FALSE,,,,,,,,,,,,,,,,,,,,,,,,,,,,,,,,,,,,,,,,,,,,,,,,,,,,,,,
451,Skorupi,,FALSE,,,,,,,,,,,,,,,,,,,,,,,,,,,,,,,,,,,,,,,,,,,,,,,,,,,,,,,
452,Drapion,,FALSE,,,,,,,,,,,,,,,,,,,,,,,,,,,,,,,,,,,,,,,,,,,,,,,,,,,,,,,
453,Croagunk,,FALSE,,,,,,,,,,,,,,,,,,,,,,,,,,,,,,,,,,,,,,,,,,,,,,,,,,,,,,,
454,Toxicroak,,FALSE,,,,,,,,,,,,,,,,,,,,,,,,,,,,,,,,,,,,,,,,,,,,,,,,,,,,,,,
455,Carnivine,,FALSE,,,,,,,,,,,,,,,,,,,,,,,,,,,,,,,,,,,,,,,,,,,,,,,,,,,,,,,
456,Fineon,,FALSE,,,,,,,,,,,,,,,,,,,,,,,,,,,,,,,,,,,,,,,,,,,,,,,,,,,,,,,
457,Lumineon,,FALSE,,,,,,,,,,,,,,,,,,,,,,,,,,,,,,,,,,,,,,,,,,,,,,,,,,,,,,,
458,Mantyke,,FALSE,,,,,,,,,,,,,,,,,,,,,,,,,,,,,,,,,,,,,,,,,,,,,,,,,,,,,,,
459,Snover,,FALSE,,,,,,,,,,,,,,,,,,,,,,,,,,,,,,,,,,,,,,,,,,,,,,,,,,,,,,,
460,Abomasnow,,FALSE,,,,,,,,,,,,,,,,,,,,,,,,,,,,,,,,,,,,,,,,,,,,,,,,,,,,,,,
461,Weavile,,FALSE,,,,,,,,,,,,,,,,,,,,,,,,,,,,,,,,,,,,,,,,,,,,,,,,,,,,,,,
462,Magnezone,,FALSE,,,,,,,,,,,,,,,,,,,,,,,,,,,,,,,,,,,,,,,,,,,,,,,,,,,,,,,
463,Lickilicky,,FALSE,,,,,,,,,,,,,,,,,,,,,,,,,,,,,,,,,,,,,,,,,,,,,,,,,,,,,,,
464,Rhyperior,,FALSE,,,,,,,,,,,,,,,,,,,,,,,,,,,,,,,,,,,,,,,,,,,,,,,,,,,,,,,
465,Tangrowth,,FALSE,,,,,,,,,,,,,,,,,,,,,,,,,,,,,,,,,,,,,,,,,,,,,,,,,,,,,,,
466,Electivire,,FALSE,,,,,,,,,,,,,,,,,,,,,,,,,,,,,,,,,,,,,,,,,,,,,,,,,,,,,,,
467,Magmortar,,FALSE,,,,,,,,,,,,,,,,,,,,,,,,,,,,,,,,,,,,,,,,,,,,,,,,,,,,,,,
468,Togekiss,,FALSE,,,,,,,,,,,,,,,,,,,,,,,,,,,,,,,,,,,,,,,,,,,,,,,,,,,,,,,
469,Yanmgea,,FALSE,,,,,,,,,,,,,,,,,,,,,,,,,,,,,,,,,,,,,,,,,,,,,,,,,,,,,,,
470,Leafeon,,FALSE,,,,,,,,,,,,,,,,,,,,,,,,,,,,,,,,,,,,,,,,,,,,,,,,,,,,,,,
471,Glaceon,,FALSE,,,,,,,,,,,,,,,,,,,,,,,,,,,,,,,,,,,,,,,,,,,,,,,,,,,,,,,
472,Gliscor,,FALSE,,,,,,,,,,,,,,,,,,,,,,,,,,,,,,,,,,,,,,,,,,,,,,,,,,,,,,,
473,Mamoswine,,FALSE,,,,,,,,,,,,,,,,,,,,,,,,,,,,,,,,,,,,,,,,,,,,,,,,,,,,,,,
474,Porygon-Z,,FALSE,,,,,,,,,,,,,,,,,,,,,,,,,,,,,,,,,,,,,,,,,,,,,,,,,,,,,,,
475,Gallade,,FALSE,,,,,,,,,,,,,,,,,,,,,,,,,,,,,,,,,,,,,,,,,,,,,,,,,,,,,,,
476,Probopass,,FALSE,,,,,,,,,,,,,,,,,,,,,,,,,,,,,,,,,,,,,,,,,,,,,,,,,,,,,,,
477,Dusknoir,,FALSE,,,,,,,,,,,,,,,,,,,,,,,,,,,,,,,,,,,,,,,,,,,,,,,,,,,,,,,
478,Froslass,,FALSE,,,,,,,,,,,,,,,,,,,,,,,,,,,,,,,,,,,,,,,,,,,,,,,,,,,,,,,
479,Rotom,,FALSE,,,,,,,,,,,,,,,,,,,,,,,,,,,,,,,,,,,,,,,,,,,,,,,,,,,,,,,
480,Uxie,,FALSE,,,,,,,,,,,,,,,,,,,,,,,,,,,,,,,,,,,,,,,,,,,,,,,,,,,,,,,
481,Mesprit,,FALSE,,,,,,,,,,,,,,,,,,,,,,,,,,,,,,,,,,,,,,,,,,,,,,,,,,,,,,,
482,Azelf,,FALSE,,,,,,,,,,,,,,,,,,,,,,,,,,,,,,,,,,,,,,,,,,,,,,,,,,,,,,,
483,Dialga,,FALSE,,,,,,,,,,,,,,,,,,,,,,,,,,,,,,,,,,,,,,,,,,,,,,,,,,,,,,,
484,Palkia,,FALSE,,,,,,,,,,,,,,,,,,,,,,,,,,,,,,,,,,,,,,,,,,,,,,,,,,,,,,,
485,Heatran,,FALSE,,,,,,,,,,,,,,,,,,,,,,,,,,,,,,,,,,,,,,,,,,,,,,,,,,,,,,,
486,Regigigas,,FALSE,,,,,,,,,,,,,,,,,,,,,,,,,,,,,,,,,,,,,,,,,,,,,,,,,,,,,,,
487,Giratina,,FALSE,,,,,,,,,,,,,,,,,,,,,,,,,,,,,,,,,,,,,,,,,,,,,,,,,,,,,,,
488,Cresselia,,FALSE,,,,,,,,,,,,,,,,,,,,,,,,,,,,,,,,,,,,,,,,,,,,,,,,,,,,,,,
489,Phione,,FALSE,,,,,,,,,,,,,,,,,,,,,,,,,,,,,,,,,,,,,,,,,,,,,,,,,,,,,,,
490,Manaphy,,FALSE,,,,,,,,,,,,,,,,,,,,,,,,,,,,,,,,,,,,,,,,,,,,,,,,,,,,,,,
491,Darkrai,,FALSE,,,,,,,,,,,,,,,,,,,,,,,,,,,,,,,,,,,,,,,,,,,,,,,,,,,,,,,
492,Shaymin,,FALSE,,,,,,,,,,,,,,,,,,,,,,,,,,,,,,,,,,,,,,,,,,,,,,,,,,,,,,,
493,Arceus,,FALSE,,,,,,,,,,,,,,,,,,,,,,,,,,,,,,,,,,,,,,,,,,,,,,,,,,,,,,,
494,Victini,,FALSE,,,,,,,,,,,,,,,,,,,,,,,,,,,,,,,,,,,,,,,,,,,,,,,,,,,,,,,
495,Snivy,,FALSE,,,,,,,,,,,,,,,,,,,,,,,,,,,,,,,,,,,,,,,,,,,,,,,,,,,,,,,
496,Servine,,FALSE,,,,,,,,,,,,,,,,,,,,,,,,,,,,,,,,,,,,,,,,,,,,,,,,,,,,,,,
497,Serperior,,FALSE,,,,,,,,,,,,,,,,,,,,,,,,,,,,,,,,,,,,,,,,,,,,,,,,,,,,,,,
498,Tepig,,FALSE,,,,,,,,,,,,,,,,,,,,,,,,,,,,,,,,,,,,,,,,,,,,,,,,,,,,,,,
499,Pignite,,FALSE,,,,,,,,,,,,,,,,,,,,,,,,,,,,,,,,,,,,,,,,,,,,,,,,,,,,,,,
500,Emboar,,FALSE,,,,,,,,,,,,,,,,,,,,,,,,,,,,,,,,,,,,,,,,,,,,,,,,,,,,,,,
501,Oshawott,,FALSE,,,,,,,,,,,,,,,,,,,,,,,,,,,,,,,,,,,,,,,,,,,,,,,,,,,,,,,
502,Dewott,,FALSE,,,,,,,,,,,,,,,,,,,,,,,,,,,,,,,,,,,,,,,,,,,,,,,,,,,,,,,
503,Samurott,,FALSE,,,,,,,,,,,,,,,,,,,,,,,,,,,,,,,,,,,,,,,,,,,,,,,,,,,,,,,
504,Patrat,,FALSE,,,,,,,,,,,,,,,,,,,,,,,,,,,,,,,,,,,,,,,,,,,,,,,,,,,,,,,
505,Watchog,,FALSE,,,,,,,,,,,,,,,,,,,,,,,,,,,,,,,,,,,,,,,,,,,,,,,,,,,,,,,
506,Lillipup,,FALSE,,,,,,,,,,,,,,,,,,,,,,,,,,,,,,,,,,,,,,,,,,,,,,,,,,,,,,,
507,Herdier,,FALSE,,,,,,,,,,,,,,,,,,,,,,,,,,,,,,,,,,,,,,,,,,,,,,,,,,,,,,,
508,Stoutland,,FALSE,,,,,,,,,,,,,,,,,,,,,,,,,,,,,,,,,,,,,,,,,,,,,,,,,,,,,,,
509,Purrloin,,FALSE,,,,,,,,,,,,,,,,,,,,,,,,,,,,,,,,,,,,,,,,,,,,,,,,,,,,,,,
510,Liepard,,FALSE,,,,,,,,,,,,,,,,,,,,,,,,,,,,,,,,,,,,,,,,,,,,,,,,,,,,,,,
511,Pansage,,FALSE,,,,,,,,,,,,,,,,,,,,,,,,,,,,,,,,,,,,,,,,,,,,,,,,,,,,,,,
512,Simisage,,FALSE,,,,,,,,,,,,,,,,,,,,,,,,,,,,,,,,,,,,,,,,,,,,,,,,,,,,,,,
513,Pansear,,FALSE,,,,,,,,,,,,,,,,,,,,,,,,,,,,,,,,,,,,,,,,,,,,,,,,,,,,,,,
514,Simisear,,FALSE,,,,,,,,,,,,,,,,,,,,,,,,,,,,,,,,,,,,,,,,,,,,,,,,,,,,,,,
515,Panpour,,FALSE,,,,,,,,,,,,,,,,,,,,,,,,,,,,,,,,,,,,,,,,,,,,,,,,,,,,,,,
516,Simipour,,FALSE,,,,,,,,,,,,,,,,,,,,,,,,,,,,,,,,,,,,,,,,,,,,,,,,,,,,,,,
517,Munna,,FALSE,,,,,,,,,,,,,,,,,,,,,,,,,,,,,,,,,,,,,,,,,,,,,,,,,,,,,,,
518,Musharna,,FALSE,,,,,,,,,,,,,,,,,,,,,,,,,,,,,,,,,,,,,,,,,,,,,,,,,,,,,,,
519,Pidove,,FALSE,,,,,,,,,,,,,,,,,,,,,,,,,,,,,,,,,,,,,,,,,,,,,,,,,,,,,,,
520,Tranquill,,FALSE,,,,,,,,,,,,,,,,,,,,,,,,,,,,,,,,,,,,,,,,,,,,,,,,,,,,,,,
521,Unfezant,,FALSE,,,,,,,,,,,,,,,,,,,,,,,,,,,,,,,,,,,,,,,,,,,,,,,,,,,,,,,
522,Blitzle,,FALSE,,,,,,,,,,,,,,,,,,,,,,,,,,,,,,,,,,,,,,,,,,,,,,,,,,,,,,,
523,Zebstrika,,FALSE,,,,,,,,,,,,,,,,,,,,,,,,,,,,,,,,,,,,,,,,,,,,,,,,,,,,,,,
524,Roggenrola,,FALSE,,,,,,,,,,,,,,,,,,,,,,,,,,,,,,,,,,,,,,,,,,,,,,,,,,,,,,,
525,Boldore,,FALSE,,,,,,,,,,,,,,,,,,,,,,,,,,,,,,,,,,,,,,,,,,,,,,,,,,,,,,,
526,Gigalith,,FALSE,,,,,,,,,,,,,,,,,,,,,,,,,,,,,,,,,,,,,,,,,,,,,,,,,,,,,,,
527,Woobat,,FALSE,,,,,,,,,,,,,,,,,,,,,,,,,,,,,,,,,,,,,,,,,,,,,,,,,,,,,,,
528,Swoobat,,FALSE,,,,,,,,,,,,,,,,,,,,,,,,,,,,,,,,,,,,,,,,,,,,,,,,,,,,,,,
529,Drilbur,,FALSE,,,,,,,,,,,,,,,,,,,,,,,,,,,,,,,,,,,,,,,,,,,,,,,,,,,,,,,
530,Excadrill,,FALSE,,,,,,,,,,,,,,,,,,,,,,,,,,,,,,,,,,,,,,,,,,,,,,,,,,,,,,,
531,Audino,,FALSE,,,,,,,,,,,,,,,,,,,,,,,,,,,,,,,,,,,,,,,,,,,,,,,,,,,,,,,
532,Timburr,,FALSE,,,,,,,,,,,,,,,,,,,,,,,,,,,,,,,,,,,,,,,,,,,,,,,,,,,,,,,
533,Gurdurr,,FALSE,,,,,,,,,,,,,,,,,,,,,,,,,,,,,,,,,,,,,,,,,,,,,,,,,,,,,,,
534,Conkeldurr,,FALSE,,,,,,,,,,,,,,,,,,,,,,,,,,,,,,,,,,,,,,,,,,,,,,,,,,,,,,,
535,Tympole,,FALSE,,,,,,,,,,,,,,,,,,,,,,,,,,,,,,,,,,,,,,,,,,,,,,,,,,,,,,,
536,Palpitoad,,FALSE,,,,,,,,,,,,,,,,,,,,,,,,,,,,,,,,,,,,,,,,,,,,,,,,,,,,,,,
537,Seismitoad,,FALSE,,,,,,,,,,,,,,,,,,,,,,,,,,,,,,,,,,,,,,,,,,,,,,,,,,,,,,,
538,Throh,,FALSE,,,,,,,,,,,,,,,,,,,,,,,,,,,,,,,,,,,,,,,,,,,,,,,,,,,,,,,
539,Sawk,,FALSE,,,,,,,,,,,,,,,,,,,,,,,,,,,,,,,,,,,,,,,,,,,,,,,,,,,,,,,
540,Sewaddle,,FALSE,,,,,,,,,,,,,,,,,,,,,,,,,,,,,,,,,,,,,,,,,,,,,,,,,,,,,,,
541,Swadloon,,FALSE,,,,,,,,,,,,,,,,,,,,,,,,,,,,,,,,,,,,,,,,,,,,,,,,,,,,,,,
542,Leavanny,,FALSE,,,,,,,,,,,,,,,,,,,,,,,,,,,,,,,,,,,,,,,,,,,,,,,,,,,,,,,
543,Venipede,,FALSE,,,,,,,,,,,,,,,,,,,,,,,,,,,,,,,,,,,,,,,,,,,,,,,,,,,,,,,
544,Whirlipede,,FALSE,,,,,,,,,,,,,,,,,,,,,,,,,,,,,,,,,,,,,,,,,,,,,,,,,,,,,,,
545,Scolipede,,FALSE,,,,,,,,,,,,,,,,,,,,,,,,,,,,,,,,,,,,,,,,,,,,,,,,,,,,,,,
546,Cottonee,,FALSE,,,,,,,,,,,,,,,,,,,,,,,,,,,,,,,,,,,,,,,,,,,,,,,,,,,,,,,
547,Whimsicott,,FALSE,,,,,,,,,,,,,,,,,,,,,,,,,,,,,,,,,,,,,,,,,,,,,,,,,,,,,,,
548,Petilil,,FALSE,,,,,,,,,,,,,,,,,,,,,,,,,,,,,,,,,,,,,,,,,,,,,,,,,,,,,,,
549,Lilligant,,FALSE,,,,,,,,,,,,,,,,,,,,,,,,,,,,,,,,,,,,,,,,,,,,,,,,,,,,,,,
550,Basculin,,FALSE,,,,,,,,,,,,,,,,,,,,,,,,,,,,,,,,,,,,,,,,,,,,,,,,,,,,,,,
551,Sandile,,FALSE,,,,,,,,,,,,,,,,,,,,,,,,,,,,,,,,,,,,,,,,,,,,,,,,,,,,,,,
552,Krokorok,,FALSE,,,,,,,,,,,,,,,,,,,,,,,,,,,,,,,,,,,,,,,,,,,,,,,,,,,,,,,
553,Krookodile,,FALSE,,,,,,,,,,,,,,,,,,,,,,,,,,,,,,,,,,,,,,,,,,,,,,,,,,,,,,,
554,Darumaka,,FALSE,,,,,,,,,,,,,,,,,,,,,,,,,,,,,,,,,,,,,,,,,,,,,,,,,,,,,,,
555,Darmanitan,,FALSE,,,,,,,,,,,,,,,,,,,,,,,,,,,,,,,,,,,,,,,,,,,,,,,,,,,,,,,
556,Maractus,,FALSE,,,,,,,,,,,,,,,,,,,,,,,,,,,,,,,,,,,,,,,,,,,,,,,,,,,,,,,
557,Dwebble,,FALSE,,,,,,,,,,,,,,,,,,,,,,,,,,,,,,,,,,,,,,,,,,,,,,,,,,,,,,,
558,Crustle,,FALSE,,,,,,,,,,,,,,,,,,,,,,,,,,,,,,,,,,,,,,,,,,,,,,,,,,,,,,,
559,Scraggy,,FALSE,,,,,,,,,,,,,,,,,,,,,,,,,,,,,,,,,,,,,,,,,,,,,,,,,,,,,,,
560,Scrafty,,FALSE,,,,,,,,,,,,,,,,,,,,,,,,,,,,,,,,,,,,,,,,,,,,,,,,,,,,,,,
561,Sigilyph,,FALSE,,,,,,,,,,,,,,,,,,,,,,,,,,,,,,,,,,,,,,,,,,,,,,,,,,,,,,,
562,Yamask,,FALSE,,,,,,,,,,,,,,,,,,,,,,,,,,,,,,,,,,,,,,,,,,,,,,,,,,,,,,,
563,Cofagrigus,,FALSE,,,,,,,,,,,,,,,,,,,,,,,,,,,,,,,,,,,,,,,,,,,,,,,,,,,,,,,
564,Tirtouga,,FALSE,,,,,,,,,,,,,,,,,,,,,,,,,,,,,,,,,,,,,,,,,,,,,,,,,,,,,,,
565,Carracosta,,FALSE,,,,,,,,,,,,,,,,,,,,,,,,,,,,,,,,,,,,,,,,,,,,,,,,,,,,,,,
566,Archen,,FALSE,,,,,,,,,,,,,,,,,,,,,,,,,,,,,,,,,,,,,,,,,,,,,,,,,,,,,,,
567,Archeops,,FALSE,,,,,,,,,,,,,,,,,,,,,,,,,,,,,,,,,,,,,,,,,,,,,,,,,,,,,,,
568,Trubbish,,FALSE,,,,,,,,,,,,,,,,,,,,,,,,,,,,,,,,,,,,,,,,,,,,,,,,,,,,,,,
569,Garbodor,,FALSE,,,,,,,,,,,,,,,,,,,,,,,,,,,,,,,,,,,,,,,,,,,,,,,,,,,,,,,
570,Zorua,,FALSE,,,,,,,,,,,,,,,,,,,,,,,,,,,,,,,,,,,,,,,,,,,,,,,,,,,,,,,
571,Zoroark,,FALSE,,,,,,,,,,,,,,,,,,,,,,,,,,,,,,,,,,,,,,,,,,,,,,,,,,,,,,,
572,Minccino,,FALSE,,,,,,,,,,,,,,,,,,,,,,,,,,,,,,,,,,,,,,,,,,,,,,,,,,,,,,,
573,Cinccino,,FALSE,,,,,,,,,,,,,,,,,,,,,,,,,,,,,,,,,,,,,,,,,,,,,,,,,,,,,,,
574,Gothita,,FALSE,,,,,,,,,,,,,,,,,,,,,,,,,,,,,,,,,,,,,,,,,,,,,,,,,,,,,,,
575,Gothorita,,FALSE,,,,,,,,,,,,,,,,,,,,,,,,,,,,,,,,,,,,,,,,,,,,,,,,,,,,,,,
576,Gothitelle,,FALSE,,,,,,,,,,,,,,,,,,,,,,,,,,,,,,,,,,,,,,,,,,,,,,,,,,,,,,,
577,Solosis,,FALSE,,,,,,,,,,,,,,,,,,,,,,,,,,,,,,,,,,,,,,,,,,,,,,,,,,,,,,,
578,Duosion,,FALSE,,,,,,,,,,,,,,,,,,,,,,,,,,,,,,,,,,,,,,,,,,,,,,,,,,,,,,,
579,Reuniclus,,FALSE,,,,,,,,,,,,,,,,,,,,,,,,,,,,,,,,,,,,,,,,,,,,,,,,,,,,,,,
580,Ducklett,,FALSE,,,,,,,,,,,,,,,,,,,,,,,,,,,,,,,,,,,,,,,,,,,,,,,,,,,,,,,
581,Swanna,,FALSE,,,,,,,,,,,,,,,,,,,,,,,,,,,,,,,,,,,,,,,,,,,,,,,,,,,,,,,
582,Vanillite,,FALSE,,,,,,,,,,,,,,,,,,,,,,,,,,,,,,,,,,,,,,,,,,,,,,,,,,,,,,,
583,Vanillish,,FALSE,,,,,,,,,,,,,,,,,,,,,,,,,,,,,,,,,,,,,,,,,,,,,,,,,,,,,,,
584,Vanilluxe,,FALSE,,,,,,,,,,,,,,,,,,,,,,,,,,,,,,,,,,,,,,,,,,,,,,,,,,,,,,,
585,Deerling,,FALSE,,,,,,,,,,,,,,,,,,,,,,,,,,,,,,,,,,,,,,,,,,,,,,,,,,,,,,,
586,Sawsbuck,,FALSE,,,,,,,,,,,,,,,,,,,,,,,,,,,,,,,,,,,,,,,,,,,,,,,,,,,,,,,
587,Emolga,,FALSE,,,,,,,,,,,,,,,,,,,,,,,,,,,,,,,,,,,,,,,,,,,,,,,,,,,,,,,
588,Karrablast,,FALSE,,,,,,,,,,,,,,,,,,,,,,,,,,,,,,,,,,,,,,,,,,,,,,,,,,,,,,,
589,Escavalier,,FALSE,,,,,,,,,,,,,,,,,,,,,,,,,,,,,,,,,,,,,,,,,,,,,,,,,,,,,,,
590,Foongus,,FALSE,,,,,,,,,,,,,,,,,,,,,,,,,,,,,,,,,,,,,,,,,,,,,,,,,,,,,,,
591,Amoonguss,,FALSE,,,,,,,,,,,,,,,,,,,,,,,,,,,,,,,,,,,,,,,,,,,,,,,,,,,,,,,
592,Frillish,,FALSE,,,,,,,,,,,,,,,,,,,,,,,,,,,,,,,,,,,,,,,,,,,,,,,,,,,,,,,
593,Jellicent,,FALSE,,,,,,,,,,,,,,,,,,,,,,,,,,,,,,,,,,,,,,,,,,,,,,,,,,,,,,,
594,Alomomola,,FALSE,,,,,,,,,,,,,,,,,,,,,,,,,,,,,,,,,,,,,,,,,,,,,,,,,,,,,,,
595,Joltik,,FALSE,,,,,,,,,,,,,,,,,,,,,,,,,,,,,,,,,,,,,,,,,,,,,,,,,,,,,,,
596,Galvantula,,FALSE,,,,,,,,,,,,,,,,,,,,,,,,,,,,,,,,,,,,,,,,,,,,,,,,,,,,,,,
597,Ferroseed,,FALSE,,,,,,,,,,,,,,,,,,,,,,,,,,,,,,,,,,,,,,,,,,,,,,,,,,,,,,,
598,Ferrothorn,,FALSE,,,,,,,,,,,,,,,,,,,,,,,,,,,,,,,,,,,,,,,,,,,,,,,,,,,,,,,
599,Klink,,FALSE,,,,,,,,,,,,,,,,,,,,,,,,,,,,,,,,,,,,,,,,,,,,,,,,,,,,,,,
600,Klang,,FALSE,,,,,,,,,,,,,,,,,,,,,,,,,,,,,,,,,,,,,,,,,,,,,,,,,,,,,,,
601,Klingklang,,FALSE,,,,,,,,,,,,,,,,,,,,,,,,,,,,,,,,,,,,,,,,,,,,,,,,,,,,,,,
602,Tynamo,,FALSE,,,,,,,,,,,,,,,,,,,,,,,,,,,,,,,,,,,,,,,,,,,,,,,,,,,,,,,
603,Elektrik,,FALSE,,,,,,,,,,,,,,,,,,,,,,,,,,,,,,,,,,,,,,,,,,,,,,,,,,,,,,,
604,Elektross,,FALSE,,,,,,,,,,,,,,,,,,,,,,,,,,,,,,,,,,,,,,,,,,,,,,,,,,,,,,,
605,Elgyem,,FALSE,,,,,,,,,,,,,,,,,,,,,,,,,,,,,,,,,,,,,,,,,,,,,,,,,,,,,,,
606,Beheeyem,,FALSE,,,,,,,,,,,,,,,,,,,,,,,,,,,,,,,,,,,,,,,,,,,,,,,,,,,,,,,
607,Litwick,,FALSE,,,,,,,,,,,,,,,,,,,,,,,,,,,,,,,,,,,,,,,,,,,,,,,,,,,,,,,
608,Lampent,,FALSE,,,,,,,,,,,,,,,,,,,,,,,,,,,,,,,,,,,,,,,,,,,,,,,,,,,,,,,
609,Chandelure,,FALSE,,,,,,,,,,,,,,,,,,,,,,,,,,,,,,,,,,,,,,,,,,,,,,,,,,,,,,,
610,Axew,,FALSE,,,,,,,,,,,,,,,,,,,,,,,,,,,,,,,,,,,,,,,,,,,,,,,,,,,,,,,
611,Fraxure,,FALSE,,,,,,,,,,,,,,,,,,,,,,,,,,,,,,,,,,,,,,,,,,,,,,,,,,,,,,,
612,Haxorus,,FALSE,,,,,,,,,,,,,,,,,,,,,,,,,,,,,,,,,,,,,,,,,,,,,,,,,,,,,,,
613,Cubchoo,,FALSE,,,,,,,,,,,,,,,,,,,,,,,,,,,,,,,,,,,,,,,,,,,,,,,,,,,,,,,
614,Beartic,,FALSE,,,,,,,,,,,,,,,,,,,,,,,,,,,,,,,,,,,,,,,,,,,,,,,,,,,,,,,
615,Cryogonal,,FALSE,,,,,,,,,,,,,,,,,,,,,,,,,,,,,,,,,,,,,,,,,,,,,,,,,,,,,,,
616,Shelmet,,FALSE,,,,,,,,,,,,,,,,,,,,,,,,,,,,,,,,,,,,,,,,,,,,,,,,,,,,,,,
617,Accelgor,,FALSE,,,,,,,,,,,,,,,,,,,,,,,,,,,,,,,,,,,,,,,,,,,,,,,,,,,,,,,
618,Stunfisk,,FALSE,,,,,,,,,,,,,,,,,,,,,,,,,,,,,,,,,,,,,,,,,,,,,,,,,,,,,,,
619,Mienfoo,,FALSE,,,,,,,,,,,,,,,,,,,,,,,,,,,,,,,,,,,,,,,,,,,,,,,,,,,,,,,
620,Mienshao,,FALSE,,,,,,,,,,,,,,,,,,,,,,,,,,,,,,,,,,,,,,,,,,,,,,,,,,,,,,,
621,Druddigon,,FALSE,,,,,,,,,,,,,,,,,,,,,,,,,,,,,,,,,,,,,,,,,,,,,,,,,,,,,,,
622,Golett,,FALSE,,,,,,,,,,,,,,,,,,,,,,,,,,,,,,,,,,,,,,,,,,,,,,,,,,,,,,,
623,Golurk,,FALSE,,,,,,,,,,,,,,,,,,,,,,,,,,,,,,,,,,,,,,,,,,,,,,,,,,,,,,,
624,Pawniard,,FALSE,,,,,,,,,,,,,,,,,,,,,,,,,,,,,,,,,,,,,,,,,,,,,,,,,,,,,,,
625,Bisharp,,FALSE,,,,,,,,,,,,,,,,,,,,,,,,,,,,,,,,,,,,,,,,,,,,,,,,,,,,,,,
626,Bouffalant,,FALSE,,,,,,,,,,,,,,,,,,,,,,,,,,,,,,,,,,,,,,,,,,,,,,,,,,,,,,,
627,Rufflet,,FALSE,,,,,,,,,,,,,,,,,,,,,,,,,,,,,,,,,,,,,,,,,,,,,,,,,,,,,,,
628,Braviary,,FALSE,,,,,,,,,,,,,,,,,,,,,,,,,,,,,,,,,,,,,,,,,,,,,,,,,,,,,,,
629,Vullaby,,FALSE,,,,,,,,,,,,,,,,,,,,,,,,,,,,,,,,,,,,,,,,,,,,,,,,,,,,,,,
630,Mandibuzz,,FALSE,,,,,,,,,,,,,,,,,,,,,,,,,,,,,,,,,,,,,,,,,,,,,,,,,,,,,,,
631,Heatmor,,FALSE,,,,,,,,,,,,,,,,,,,,,,,,,,,,,,,,,,,,,,,,,,,,,,,,,,,,,,,
632,Durant,,FALSE,,,,,,,,,,,,,,,,,,,,,,,,,,,,,,,,,,,,,,,,,,,,,,,,,,,,,,,
633,Deino,,FALSE,,,,,,,,,,,,,,,,,,,,,,,,,,,,,,,,,,,,,,,,,,,,,,,,,,,,,,,
634,Zweilous,,FALSE,,,,,,,,,,,,,,,,,,,,,,,,,,,,,,,,,,,,,,,,,,,,,,,,,,,,,,,
635,Hydreigon,,FALSE,,,,,,,,,,,,,,,,,,,,,,,,,,,,,,,,,,,,,,,,,,,,,,,,,,,,,,,
636,Larvesta,,FALSE,,,,,,,,,,,,,,,,,,,,,,,,,,,,,,,,,,,,,,,,,,,,,,,,,,,,,,,
637,Volcarona,,FALSE,,,,,,,,,,,,,,,,,,,,,,,,,,,,,,,,,,,,,,,,,,,,,,,,,,,,,,,
638,Cobalion,,FALSE,,,,,,,,,,,,,,,,,,,,,,,,,,,,,,,,,,,,,,,,,,,,,,,,,,,,,,,
639,Terrakion,,FALSE,,,,,,,,,,,,,,,,,,,,,,,,,,,,,,,,,,,,,,,,,,,,,,,,,,,,,,,
640,Virizion,,FALSE,,,,,,,,,,,,,,,,,,,,,,,,,,,,,,,,,,,,,,,,,,,,,,,,,,,,,,,
641,Tornadus,,FALSE,,,,,,,,,,,,,,,,,,,,,,,,,,,,,,,,,,,,,,,,,,,,,,,,,,,,,,,
642,Thundurus,,FALSE,,,,,,,,,,,,,,,,,,,,,,,,,,,,,,,,,,,,,,,,,,,,,,,,,,,,,,,
643,Reshiram,,FALSE,,,,,,,,,,,,,,,,,,,,,,,,,,,,,,,,,,,,,,,,,,,,,,,,,,,,,,,
644,Zekrom,,FALSE,,,,,,,,,,,,,,,,,,,,,,,,,,,,,,,,,,,,,,,,,,,,,,,,,,,,,,,
645,Landorus,,FALSE,,,,,,,,,,,,,,,,,,,,,,,,,,,,,,,,,,,,,,,,,,,,,,,,,,,,,,,
646,Kyurem,,FALSE,,,,,,,,,,,,,,,,,,,,,,,,,,,,,,,,,,,,,,,,,,,,,,,,,,,,,,,
647,Keldeo,,FALSE,,,,,,,,,,,,,,,,,,,,,,,,,,,,,,,,,,,,,,,,,,,,,,,,,,,,,,,
648,Meloetta,,FALSE,,,,,,,,,,,,,,,,,,,,,,,,,,,,,,,,,,,,,,,,,,,,,,,,,,,,,,,
649,Genesect,,FALSE,,,,,,,,,,,,,,,,,,,,,,,,,,,,,,,,,,,,,,,,,,,,,,,,,,,,,,,
650,Chespin,,FALSE,,,,,,,,,,,,,,,,,,,,,,,,,,,,,,,,,,,,,,,,,,,,,,,,,,,,,,,
651,Quilladin,,FALSE,,,,,,,,,,,,,,,,,,,,,,,,,,,,,,,,,,,,,,,,,,,,,,,,,,,,,,,
652,Chesnaught,,FALSE,,,,,,,,,,,,,,,,,,,,,,,,,,,,,,,,,,,,,,,,,,,,,,,,,,,,,,,
653,Fennekin,,FALSE,,,,,,,,,,,,,,,,,,,,,,,,,,,,,,,,,,,,,,,,,,,,,,,,,,,,,,,
654,Braixen,,FALSE,,,,,,,,,,,,,,,,,,,,,,,,,,,,,,,,,,,,,,,,,,,,,,,,,,,,,,,
655,Delphox,,FALSE,,,,,,,,,,,,,,,,,,,,,,,,,,,,,,,,,,,,,,,,,,,,,,,,,,,,,,,
656,Froakie,,FALSE,,,,,,,,,,,,,,,,,,,,,,,,,,,,,,,,,,,,,,,,,,,,,,,,,,,,,,,
657,Frogadier,,FALSE,,,,,,,,,,,,,,,,,,,,,,,,,,,,,,,,,,,,,,,,,,,,,,,,,,,,,,,
658,Greninja,,FALSE,,,,,,,,,,,,,,,,,,,,,,,,,,,,,,,,,,,,,,,,,,,,,,,,,,,,,,,
659,Bunnelby,,FALSE,,,,,,,,,,,,,,,,,,,,,,,,,,,,,,,,,,,,,,,,,,,,,,,,,,,,,,,
660,Diggersby,,FALSE,,,,,,,,,,,,,,,,,,,,,,,,,,,,,,,,,,,,,,,,,,,,,,,,,,,,,,,
661,Fletchling,,FALSE,,,,,,,,,,,,,,,,,,,,,,,,,,,,,,,,,,,,,,,,,,,,,,,,,,,,,,,
662,Fletchinder,,FALSE,,,,,,,,,,,,,,,,,,,,,,,,,,,,,,,,,,,,,,,,,,,,,,,,,,,,,,,
663,Talonflame,,FALSE,,,,,,,,,,,,,,,,,,,,,,,,,,,,,,,,,,,,,,,,,,,,,,,,,,,,,,,
664,Scatterbug,,FALSE,,,,,,,,,,,,,,,,,,,,,,,,,,,,,,,,,,,,,,,,,,,,,,,,,,,,,,,
665,Spewpa,,FALSE,,,,,,,,,,,,,,,,,,,,,,,,,,,,,,,,,,,,,,,,,,,,,,,,,,,,,,,
666,Vivillon,,FALSE,,,,,,,,,,,,,,,,,,,,,,,,,,,,,,,,,,,,,,,,,,,,,,,,,,,,,,,
667,Litleo,,FALSE,,,,,,,,,,,,,,,,,,,,,,,,,,,,,,,,,,,,,,,,,,,,,,,,,,,,,,,
668,Pyroar,,FALSE,,,,,,,,,,,,,,,,,,,,,,,,,,,,,,,,,,,,,,,,,,,,,,,,,,,,,,,
669,Flabébé,,FALSE,,,,,,,,,,,,,,,,,,,,,,,,,,,,,,,,,,,,,,,,,,,,,,,,,,,,,,,
670,Floette,,FALSE,,,,,,,,,,,,,,,,,,,,,,,,,,,,,,,,,,,,,,,,,,,,,,,,,,,,,,,
671,Florges,,FALSE,,,,,,,,,,,,,,,,,,,,,,,,,,,,,,,,,,,,,,,,,,,,,,,,,,,,,,,
672,Skiddo,,FALSE,,,,,,,,,,,,,,,,,,,,,,,,,,,,,,,,,,,,,,,,,,,,,,,,,,,,,,,
673,Gogoat,,FALSE,,,,,,,,,,,,,,,,,,,,,,,,,,,,,,,,,,,,,,,,,,,,,,,,,,,,,,,
674,Pancham,,FALSE,,,,,,,,,,,,,,,,,,,,,,,,,,,,,,,,,,,,,,,,,,,,,,,,,,,,,,,
675,Pangoro,,FALSE,,,,,,,,,,,,,,,,,,,,,,,,,,,,,,,,,,,,,,,,,,,,,,,,,,,,,,,
676,Furfrou,,FALSE,,,,,,,,,,,,,,,,,,,,,,,,,,,,,,,,,,,,,,,,,,,,,,,,,,,,,,,
677,Espurr,,FALSE,,,,,,,,,,,,,,,,,,,,,,,,,,,,,,,,,,,,,,,,,,,,,,,,,,,,,,,
678,Meowstic,,FALSE,,,,,,,,,,,,,,,,,,,,,,,,,,,,,,,,,,,,,,,,,,,,,,,,,,,,,,,
679,Honedge,,FALSE,,,,,,,,,,,,,,,,,,,,,,,,,,,,,,,,,,,,,,,,,,,,,,,,,,,,,,,
680,Doublade,,FALSE,,,,,,,,,,,,,,,,,,,,,,,,,,,,,,,,,,,,,,,,,,,,,,,,,,,,,,,
681,Aegislash,,FALSE,,,,,,,,,,,,,,,,,,,,,,,,,,,,,,,,,,,,,,,,,,,,,,,,,,,,,,,
682,Spritzee,,FALSE,,,,,,,,,,,,,,,,,,,,,,,,,,,,,,,,,,,,,,,,,,,,,,,,,,,,,,,
683,Aromatisse,,FALSE,,,,,,,,,,,,,,,,,,,,,,,,,,,,,,,,,,,,,,,,,,,,,,,,,,,,,,,
684,Swirlix,,FALSE,,,,,,,,,,,,,,,,,,,,,,,,,,,,,,,,,,,,,,,,,,,,,,,,,,,,,,,
685,Slurpuff,,FALSE,,,,,,,,,,,,,,,,,,,,,,,,,,,,,,,,,,,,,,,,,,,,,,,,,,,,,,,
686,Inkay,,FALSE,,,,,,,,,,,,,,,,,,,,,,,,,,,,,,,,,,,,,,,,,,,,,,,,,,,,,,,
687,Malamar,,FALSE,,,,,,,,,,,,,,,,,,,,,,,,,,,,,,,,,,,,,,,,,,,,,,,,,,,,,,,
688,Binacle,,FALSE,,,,,,,,,,,,,,,,,,,,,,,,,,,,,,,,,,,,,,,,,,,,,,,,,,,,,,,
689,Barbaracle,,FALSE,,,,,,,,,,,,,,,,,,,,,,,,,,,,,,,,,,,,,,,,,,,,,,,,,,,,,,,
690,Skrelp,,FALSE,,,,,,,,,,,,,,,,,,,,,,,,,,,,,,,,,,,,,,,,,,,,,,,,,,,,,,,
691,Dragalge,,FALSE,,,,,,,,,,,,,,,,,,,,,,,,,,,,,,,,,,,,,,,,,,,,,,,,,,,,,,,
692,Clauncher,,FALSE,,,,,,,,,,,,,,,,,,,,,,,,,,,,,,,,,,,,,,,,,,,,,,,,,,,,,,,
693,Clawitzer,,FALSE,,,,,,,,,,,,,,,,,,,,,,,,,,,,,,,,,,,,,,,,,,,,,,,,,,,,,,,
694,Helioptile,,FALSE,,,,,,,,,,,,,,,,,,,,,,,,,,,,,,,,,,,,,,,,,,,,,,,,,,,,,,,
695,Heliolisk,,FALSE,,,,,,,,,,,,,,,,,,,,,,,,,,,,,,,,,,,,,,,,,,,,,,,,,,,,,,,
696,Tyrunt,,FALSE,,,,,,,,,,,,,,,,,,,,,,,,,,,,,,,,,,,,,,,,,,,,,,,,,,,,,,,
697,Tyrantrum,,FALSE,,,,,,,,,,,,,,,,,,,,,,,,,,,,,,,,,,,,,,,,,,,,,,,,,,,,,,,
698,Amaura,,FALSE,,,,,,,,,,,,,,,,,,,,,,,,,,,,,,,,,,,,,,,,,,,,,,,,,,,,,,,
699,Aurorus,,FALSE,,,,,,,,,,,,,,,,,,,,,,,,,,,,,,,,,,,,,,,,,,,,,,,,,,,,,,,
700,Sylveon,,FALSE,,,,,,,,,,,,,,,,,,,,,,,,,,,,,,,,,,,,,,,,,,,,,,,,,,,,,,,
701,Hawlucha,,FALSE,,,,,,,,,,,,,,,,,,,,,,,,,,,,,,,,,,,,,,,,,,,,,,,,,,,,,,,
702,Dedenne,,FALSE,,,,,,,,,,,,,,,,,,,,,,,,,,,,,,,,,,,,,,,,,,,,,,,,,,,,,,,
703,Carbink,,FALSE,,,,,,,,,,,,,,,,,,,,,,,,,,,,,,,,,,,,,,,,,,,,,,,,,,,,,,,
704,Goomy,,FALSE,,,,,,,,,,,,,,,,,,,,,,,,,,,,,,,,,,,,,,,,,,,,,,,,,,,,,,,
705,Sliggoo,,FALSE,,,,,,,,,,,,,,,,,,,,,,,,,,,,,,,,,,,,,,,,,,,,,,,,,,,,,,,
706,Goodra,,FALSE,,,,,,,,,,,,,,,,,,,,,,,,,,,,,,,,,,,,,,,,,,,,,,,,,,,,,,,
707,Klefki,,FALSE,,,,,,,,,,,,,,,,,,,,,,,,,,,,,,,,,,,,,,,,,,,,,,,,,,,,,,,
708,Phantump,,FALSE,,,,,,,,,,,,,,,,,,,,,,,,,,,,,,,,,,,,,,,,,,,,,,,,,,,,,,,
709,Trevenant,,FALSE,,,,,,,,,,,,,,,,,,,,,,,,,,,,,,,,,,,,,,,,,,,,,,,,,,,,,,,
710,Pumpkaboo,,FALSE,,,,,,,,,,,,,,,,,,,,,,,,,,,,,,,,,,,,,,,,,,,,,,,,,,,,,,,
711,Gourgeist,,FALSE,,,,,,,,,,,,,,,,,,,,,,,,,,,,,,,,,,,,,,,,,,,,,,,,,,,,,,,
712,Bergmite,,FALSE,,,,,,,,,,,,,,,,,,,,,,,,,,,,,,,,,,,,,,,,,,,,,,,,,,,,,,,
713,Avalugg,,FALSE,,,,,,,,,,,,,,,,,,,,,,,,,,,,,,,,,,,,,,,,,,,,,,,,,,,,,,,
714,Noibat,,FALSE,,,,,,,,,,,,,,,,,,,,,,,,,,,,,,,,,,,,,,,,,,,,,,,,,,,,,,,
715,Noivern,,FALSE,,,,,,,,,,,,,,,,,,,,,,,,,,,,,,,,,,,,,,,,,,,,,,,,,,,,,,,
716,Xerneas,,FALSE,,,,,,,,,,,,,,,,,,,,,,,,,,,,,,,,,,,,,,,,,,,,,,,,,,,,,,,
717,Yveltal,,FALSE,,,,,,,,,,,,,,,,,,,,,,,,,,,,,,,,,,,,,,,,,,,,,,,,,,,,,,,
718,Zygarde,,FALSE,,,,,,,,,,,,,,,,,,,,,,,,,,,,,,,,,,,,,,,,,,,,,,,,,,,,,,,
719,Diancie,,FALSE,,,,,,,,,,,,,,,,,,,,,,,,,,,,,,,,,,,,,,,,,,,,,,,,,,,,,,,
720,Hoopa,,FALSE,,,,,,,,,,,,,,,,,,,,,,,,,,,,,,,,,,,,,,,,,,,,,,,,,,,,,,,
721,Volcanion,,FALSE,,,,,,,,,,,,,,,,,,,,,,,,,,,,,,,,,,,,,,,,,,,,,,,,,,,,,,,
722,Rowlet,,FALSE,,,,,,,,,,,,,,,,,,,,,,,,,,,,,,,,,,,,,,,,,,,,,,,,,,,,,,,
723,Dartix,,FALSE,,,,,,,,,,,,,,,,,,,,,,,,,,,,,,,,,,,,,,,,,,,,,,,,,,,,,,,
724,Decidueye,,FALSE,,,,,,,,,,,,,,,,,,,,,,,,,,,,,,,,,,,,,,,,,,,,,,,,,,,,,,,
725,Litten,,FALSE,,,,,,,,,,,,,,,,,,,,,,,,,,,,,,,,,,,,,,,,,,,,,,,,,,,,,,,
726,Torracat,,FALSE,,,,,,,,,,,,,,,,,,,,,,,,,,,,,,,,,,,,,,,,,,,,,,,,,,,,,,,
727,Incineroar,,FALSE,,,,,,,,,,,,,,,,,,,,,,,,,,,,,,,,,,,,,,,,,,,,,,,,,,,,,,,
728,Popplio,,FALSE,,,,,,,,,,,,,,,,,,,,,,,,,,,,,,,,,,,,,,,,,,,,,,,,,,,,,,,
729,Brionne,,FALSE,,,,,,,,,,,,,,,,,,,,,,,,,,,,,,,,,,,,,,,,,,,,,,,,,,,,,,,
730,Primarina,,FALSE,,,,,,,,,,,,,,,,,,,,,,,,,,,,,,,,,,,,,,,,,,,,,,,,,,,,,,,
731,Pikipek,,FALSE,,,,,,,,,,,,,,,,,,,,,,,,,,,,,,,,,,,,,,,,,,,,,,,,,,,,,,,
732,Trumbeak,,FALSE,,,,,,,,,,,,,,,,,,,,,,,,,,,,,,,,,,,,,,,,,,,,,,,,,,,,,,,
733,Toucannon,,FALSE,,,,,,,,,,,,,,,,,,,,,,,,,,,,,,,,,,,,,,,,,,,,,,,,,,,,,,,
734,Yungoos,,FALSE,,,,,,,,,,,,,,,,,,,,,,,,,,,,,,,,,,,,,,,,,,,,,,,,,,,,,,,
735,Gumshoos,,FALSE,,,,,,,,,,,,,,,,,,,,,,,,,,,,,,,,,,,,,,,,,,,,,,,,,,,,,,,
736,Grubbin,,FALSE,,,,,,,,,,,,,,,,,,,,,,,,,,,,,,,,,,,,,,,,,,,,,,,,,,,,,,,
737,Charjabug,,FALSE,,,,,,,,,,,,,,,,,,,,,,,,,,,,,,,,,,,,,,,,,,,,,,,,,,,,,,,
738,Vikavolt,,FALSE,,,,,,,,,,,,,,,,,,,,,,,,,,,,,,,,,,,,,,,,,,,,,,,,,,,,,,,
739,Crabrawler,,FALSE,,,,,,,,,,,,,,,,,,,,,,,,,,,,,,,,,,,,,,,,,,,,,,,,,,,,,,,
740,Crabominable,,FALSE,,,,,,,,,,,,,,,,,,,,,,,,,,,,,,,,,,,,,,,,,,,,,,,,,,,,,,,
741,Oricorio,,FALSE,,,,,,,,,,,,,,,,,,,,,,,,,,,,,,,,,,,,,,,,,,,,,,,,,,,,,,,
742,Cutiefly,,FALSE,,,,,,,,,,,,,,,,,,,,,,,,,,,,,,,,,,,,,,,,,,,,,,,,,,,,,,,
743,Ribombee,,FALSE,,,,,,,,,,,,,,,,,,,,,,,,,,,,,,,,,,,,,,,,,,,,,,,,,,,,,,,
744,Rockruff,,FALSE,,,,,,,,,,,,,,,,,,,,,,,,,,,,,,,,,,,,,,,,,,,,,,,,,,,,,,,
745,Lycanroc,,FALSE,,,,,,,,,,,,,,,,,,,,,,,,,,,,,,,,,,,,,,,,,,,,,,,,,,,,,,,
746,Wishiwashi,,FALSE,,,,,,,,,,,,,,,,,,,,,,,,,,,,,,,,,,,,,,,,,,,,,,,,,,,,,,,
747,Mareanie,,FALSE,,,,,,,,,,,,,,,,,,,,,,,,,,,,,,,,,,,,,,,,,,,,,,,,,,,,,,,
748,Toxapex,,FALSE,,,,,,,,,,,,,,,,,,,,,,,,,,,,,,,,,,,,,,,,,,,,,,,,,,,,,,,
749,Mudbray,,FALSE,,,,,,,,,,,,,,,,,,,,,,,,,,,,,,,,,,,,,,,,,,,,,,,,,,,,,,,
750,Mudsdale,,FALSE,,,,,,,,,,,,,,,,,,,,,,,,,,,,,,,,,,,,,,,,,,,,,,,,,,,,,,,
751,Dewpider,,FALSE,,,,,,,,,,,,,,,,,,,,,,,,,,,,,,,,,,,,,,,,,,,,,,,,,,,,,,,
752,Araquanid,,FALSE,,,,,,,,,,,,,,,,,,,,,,,,,,,,,,,,,,,,,,,,,,,,,,,,,,,,,,,
753,Formantis,,FALSE,,,,,,,,,,,,,,,,,,,,,,,,,,,,,,,,,,,,,,,,,,,,,,,,,,,,,,,
754,Lurantis,,FALSE,,,,,,,,,,,,,,,,,,,,,,,,,,,,,,,,,,,,,,,,,,,,,,,,,,,,,,,
755,Morelull,,FALSE,,,,,,,,,,,,,,,,,,,,,,,,,,,,,,,,,,,,,,,,,,,,,,,,,,,,,,,
756,Shiinotic,,FALSE,,,,,,,,,,,,,,,,,,,,,,,,,,,,,,,,,,,,,,,,,,,,,,,,,,,,,,,
757,Salandit,,FALSE,,,,,,,,,,,,,,,,,,,,,,,,,,,,,,,,,,,,,,,,,,,,,,,,,,,,,,,
758,Salazzle,,FALSE,,,,,,,,,,,,,,,,,,,,,,,,,,,,,,,,,,,,,,,,,,,,,,,,,,,,,,,
759,Stufful,,FALSE,,,,,,,,,,,,,,,,,,,,,,,,,,,,,,,,,,,,,,,,,,,,,,,,,,,,,,,
760,Bewear,,FALSE,,,,,,,,,,,,,,,,,,,,,,,,,,,,,,,,,,,,,,,,,,,,,,,,,,,,,,,
761,Bounsweet,,FALSE,,,,,,,,,,,,,,,,,,,,,,,,,,,,,,,,,,,,,,,,,,,,,,,,,,,,,,,
762,Steenee,,FALSE,,,,,,,,,,,,,,,,,,,,,,,,,,,,,,,,,,,,,,,,,,,,,,,,,,,,,,,
763,Tsareena,,FALSE,,,,,,,,,,,,,,,,,,,,,,,,,,,,,,,,,,,,,,,,,,,,,,,,,,,,,,,
764,Comfey,,FALSE,,,,,,,,,,,,,,,,,,,,,,,,,,,,,,,,,,,,,,,,,,,,,,,,,,,,,,,
765,Oranguru,,FALSE,,,,,,,,,,,,,,,,,,,,,,,,,,,,,,,,,,,,,,,,,,,,,,,,,,,,,,,
766,Passimian,,FALSE,,,,,,,,,,,,,,,,,,,,,,,,,,,,,,,,,,,,,,,,,,,,,,,,,,,,,,,
767,Wimpod,,FALSE,,,,,,,,,,,,,,,,,,,,,,,,,,,,,,,,,,,,,,,,,,,,,,,,,,,,,,,
768,Golisopod,,FALSE,,,,,,,,,,,,,,,,,,,,,,,,,,,,,,,,,,,,,,,,,,,,,,,,,,,,,,,
769,Sandygast,,FALSE,,,,,,,,,,,,,,,,,,,,,,,,,,,,,,,,,,,,,,,,,,,,,,,,,,,,,,,
770,Palossand,,FALSE,,,,,,,,,,,,,,,,,,,,,,,,,,,,,,,,,,,,,,,,,,,,,,,,,,,,,,,
771,Pyukumuku,,FALSE,,,,,,,,,,,,,,,,,,,,,,,,,,,,,,,,,,,,,,,,,,,,,,,,,,,,,,,
772,Type: Null,,FALSE,,,,,,,,,,,,,,,,,,,,,,,,,,,,,,,,,,,,,,,,,,,,,,,,,,,,,,,
773,Silvally,,FALSE,,,,,,,,,,,,,,,,,,,,,,,,,,,,,,,,,,,,,,,,,,,,,,,,,,,,,,,
774,Minior,,FALSE,,,,,,,,,,,,,,,,,,,,,,,,,,,,,,,,,,,,,,,,,,,,,,,,,,,,,,,
775,Komala,,FALSE,,,,,,,,,,,,,,,,,,,,,,,,,,,,,,,,,,,,,,,,,,,,,,,,,,,,,,,
776,Turtonator,,FALSE,,,,,,,,,,,,,,,,,,,,,,,,,,,,,,,,,,,,,,,,,,,,,,,,,,,,,,,
777,Togedemaru,,FALSE,,,,,,,,,,,,,,,,,,,,,,,,,,,,,,,,,,,,,,,,,,,,,,,,,,,,,,,
778,Mimikyu,,FALSE,,,,,,,,,,,,,,,,,,,,,,,,,,,,,,,,,,,,,,,,,,,,,,,,,,,,,,,
779,Bruxish,,FALSE,,,,,,,,,,,,,,,,,,,,,,,,,,,,,,,,,,,,,,,,,,,,,,,,,,,,,,,
780,Drampa,,FALSE,,,,,,,,,,,,,,,,,,,,,,,,,,,,,,,,,,,,,,,,,,,,,,,,,,,,,,,
781,Dhelmise,,FALSE,,,,,,,,,,,,,,,,,,,,,,,,,,,,,,,,,,,,,,,,,,,,,,,,,,,,,,,
782,Jangmo-o,,FALSE,,,,,,,,,,,,,,,,,,,,,,,,,,,,,,,,,,,,,,,,,,,,,,,,,,,,,,,
783,Hakamo-o,,FALSE,,,,,,,,,,,,,,,,,,,,,,,,,,,,,,,,,,,,,,,,,,,,,,,,,,,,,,,
784,Kommo-o,,FALSE,,,,,,,,,,,,,,,,,,,,,,,,,,,,,,,,,,,,,,,,,,,,,,,,,,,,,,,
785,Tapu Koko,,FALSE,,,,,,,,,,,,,,,,,,,,,,,,,,,,,,,,,,,,,,,,,,,,,,,,,,,,,,,
786,Tapu Lele,,FALSE,,,,,,,,,,,,,,,,,,,,,,,,,,,,,,,,,,,,,,,,,,,,,,,,,,,,,,,
787,Tapu Bulu,,FALSE,,,,,,,,,,,,,,,,,,,,,,,,,,,,,,,,,,,,,,,,,,,,,,,,,,,,,,,
788,Tapu Fini,,FALSE,,,,,,,,,,,,,,,,,,,,,,,,,,,,,,,,,,,,,,,,,,,,,,,,,,,,,,,
789,Cosmog,,FALSE,,,,,,,,,,,,,,,,,,,,,,,,,,,,,,,,,,,,,,,,,,,,,,,,,,,,,,,
790,Cosmoem,,FALSE,,,,,,,,,,,,,,,,,,,,,,,,,,,,,,,,,,,,,,,,,,,,,,,,,,,,,,,
791,Solgaleo,,FALSE,,,,,,,,,,,,,,,,,,,,,,,,,,,,,,,,,,,,,,,,,,,,,,,,,,,,,,,
792,Lunala,,FALSE,,,,,,,,,,,,,,,,,,,,,,,,,,,,,,,,,,,,,,,,,,,,,,,,,,,,,,,
793,Nihilego,,FALSE,,,,,,,,,,,,,,,,,,,,,,,,,,,,,,,,,,,,,,,,,,,,,,,,,,,,,,,
794,Buzzwole,,FALSE,,,,,,,,,,,,,,,,,,,,,,,,,,,,,,,,,,,,,,,,,,,,,,,,,,,,,,,
795,Pheromosa,,FALSE,,,,,,,,,,,,,,,,,,,,,,,,,,,,,,,,,,,,,,,,,,,,,,,,,,,,,,,
796,Xurkitree,,FALSE,,,,,,,,,,,,,,,,,,,,,,,,,,,,,,,,,,,,,,,,,,,,,,,,,,,,,,,
797,Celesteela,,FALSE,,,,,,,,,,,,,,,,,,,,,,,,,,,,,,,,,,,,,,,,,,,,,,,,,,,,,,,
798,Kartana,,FALSE,,,,,,,,,,,,,,,,,,,,,,,,,,,,,,,,,,,,,,,,,,,,,,,,,,,,,,,
799,Guzzlord,,FALSE,,,,,,,,,,,,,,,,,,,,,,,,,,,,,,,,,,,,,,,,,,,,,,,,,,,,,,,
800,Necrozma,,FALSE,,,,,,,,,,,,,,,,,,,,,,,,,,,,,,,,,,,,,,,,,,,,,,,,,,,,,,,
801,Magearna,,FALSE,,,,,,,,,,,,,,,,,,,,,,,,,,,,,,,,,,,,,,,,,,,,,,,,,,,,,,,
802,Marshadow,,FALSE,,,,,,,,,,,,,,,,,,,,,,,,,,,,,,,,,,,,,,,,,,,,,,,,,,,,,,,
803,Poipole,,FALSE,,,,,,,,,,,,,,,,,,,,,,,,,,,,,,,,,,,,,,,,,,,,,,,,,,,,,,,
804,Naganadel,,FALSE,,,,,,,,,,,,,,,,,,,,,,,,,,,,,,,,,,,,,,,,,,,,,,,,,,,,,,,
805,Stakataka,,FALSE,,,,,,,,,,,,,,,,,,,,,,,,,,,,,,,,,,,,,,,,,,,,,,,,,,,,,,,
806,Blacephalon,,FALSE,,,,,,,,,,,,,,,,,,,,,,,,,,,,,,,,,,,,,,,,,,,,,,,,,,,,,,,
807,Zeraora,,FALSE,,,,,,,,,,,,,,,,,,,,,,,,,,,,,,,,,,,,,,,,,,,,,,,,,,,,,,,
808,Meltan,,FALSE,,,,,,,,,,,,,,,,,,,,,,,,,,,,,,,,,,,,,,,,,,,,,,,,,,,,,,,
809,Melmetal,,FALSE,,,,,,,,,,,,,,,,,,,,,,,,,,,,,,,,,,,,,,,,,,,,,,,,,,,,,,,
810,Grookey,,FALSE,,,,,,,,,,,,,,,,,,,,,,,,,,,,,,,,,,,,,,,,,,,,,,,,,,,,,,,
811,Thwackey,,FALSE,,,,,,,,,,,,,,,,,,,,,,,,,,,,,,,,,,,,,,,,,,,,,,,,,,,,,,,
812,Rillaboom,,FALSE,,,,,,,,,,,,,,,,,,,,,,,,,,,,,,,,,,,,,,,,,,,,,,,,,,,,,,,
813,Scorbunny,,FALSE,,,,,,,,,,,,,,,,,,,,,,,,,,,,,,,,,,,,,,,,,,,,,,,,,,,,,,,
814,Raboot,,FALSE,,,,,,,,,,,,,,,,,,,,,,,,,,,,,,,,,,,,,,,,,,,,,,,,,,,,,,,
815,Cinderace,,FALSE,,,,,,,,,,,,,,,,,,,,,,,,,,,,,,,,,,,,,,,,,,,,,,,,,,,,,,,
816,Sobble,,FALSE,,,,,,,,,,,,,,,,,,,,,,,,,,,,,,,,,,,,,,,,,,,,,,,,,,,,,,,
817,Drizzle,,FALSE,,,,,,,,,,,,,,,,,,,,,,,,,,,,,,,,,,,,,,,,,,,,,,,,,,,,,,,
818,Inteleon,,FALSE,,,,,,,,,,,,,,,,,,,,,,,,,,,,,,,,,,,,,,,,,,,,,,,,,,,,,,,
819,Skwovet,,FALSE,,,,,,,,,,,,,,,,,,,,,,,,,,,,,,,,,,,,,,,,,,,,,,,,,,,,,,,
820,Greedent,,FALSE,,,,,,,,,,,,,,,,,,,,,,,,,,,,,,,,,,,,,,,,,,,,,,,,,,,,,,,
821,Rookidee,,FALSE,,,,,,,,,,,,,,,,,,,,,,,,,,,,,,,,,,,,,,,,,,,,,,,,,,,,,,,
822,Corvisquire,,FALSE,,,,,,,,,,,,,,,,,,,,,,,,,,,,,,,,,,,,,,,,,,,,,,,,,,,,,,,
823,Corviknight,,FALSE,,,,,,,,,,,,,,,,,,,,,,,,,,,,,,,,,,,,,,,,,,,,,,,,,,,,,,,
824,Blipbug,,FALSE,,,,,,,,,,,,,,,,,,,,,,,,,,,,,,,,,,,,,,,,,,,,,,,,,,,,,,,
825,Dottler,,FALSE,,,,,,,,,,,,,,,,,,,,,,,,,,,,,,,,,,,,,,,,,,,,,,,,,,,,,,,
826,Orbeetle,,FALSE,,,,,,,,,,,,,,,,,,,,,,,,,,,,,,,,,,,,,,,,,,,,,,,,,,,,,,,
827,Nickit,,FALSE,,,,,,,,,,,,,,,,,,,,,,,,,,,,,,,,,,,,,,,,,,,,,,,,,,,,,,,
828,Thievul,,FALSE,,,,,,,,,,,,,,,,,,,,,,,,,,,,,,,,,,,,,,,,,,,,,,,,,,,,,,,
829,Gossifleur,,FALSE,,,,,,,,,,,,,,,,,,,,,,,,,,,,,,,,,,,,,,,,,,,,,,,,,,,,,,,
830,Eldegoss,,FALSE,,,,,,,,,,,,,,,,,,,,,,,,,,,,,,,,,,,,,,,,,,,,,,,,,,,,,,,
831,Wooloo,,FALSE,,,,,,,,,,,,,,,,,,,,,,,,,,,,,,,,,,,,,,,,,,,,,,,,,,,,,,,
832,Dubwool,,FALSE,,,,,,,,,,,,,,,,,,,,,,,,,,,,,,,,,,,,,,,,,,,,,,,,,,,,,,,
833,Chewtle,,FALSE,,,,,,,,,,,,,,,,,,,,,,,,,,,,,,,,,,,,,,,,,,,,,,,,,,,,,,,
834,Drednaw,,FALSE,,,,,,,,,,,,,,,,,,,,,,,,,,,,,,,,,,,,,,,,,,,,,,,,,,,,,,,
835,Yamper,,FALSE,,,,,,,,,,,,,,,,,,,,,,,,,,,,,,,,,,,,,,,,,,,,,,,,,,,,,,,
836,Boltund,,FALSE,,,,,,,,,,,,,,,,,,,,,,,,,,,,,,,,,,,,,,,,,,,,,,,,,,,,,,,
837,Rolycoly,,FALSE,,,,,,,,,,,,,,,,,,,,,,,,,,,,,,,,,,,,,,,,,,,,,,,,,,,,,,,
838,Carkoal,,FALSE,,,,,,,,,,,,,,,,,,,,,,,,,,,,,,,,,,,,,,,,,,,,,,,,,,,,,,,
839,Coalossal,,FALSE,,,,,,,,,,,,,,,,,,,,,,,,,,,,,,,,,,,,,,,,,,,,,,,,,,,,,,,
840,Apllin,,FALSE,,,,,,,,,,,,,,,,,,,,,,,,,,,,,,,,,,,,,,,,,,,,,,,,,,,,,,,
841,Flapple,,FALSE,,,,,,,,,,,,,,,,,,,,,,,,,,,,,,,,,,,,,,,,,,,,,,,,,,,,,,,
842,Appletun,,FALSE,,,,,,,,,,,,,,,,,,,,,,,,,,,,,,,,,,,,,,,,,,,,,,,,,,,,,,,
843,Silicobra,,FALSE,,,,,,,,,,,,,,,,,,,,,,,,,,,,,,,,,,,,,,,,,,,,,,,,,,,,,,,
844,Sandaconda,,FALSE,,,,,,,,,,,,,,,,,,,,,,,,,,,,,,,,,,,,,,,,,,,,,,,,,,,,,,,
845,Cramorant,,FALSE,,,,,,,,,,,,,,,,,,,,,,,,,,,,,,,,,,,,,,,,,,,,,,,,,,,,,,,
846,Arrokuda,,FALSE,,,,,,,,,,,,,,,,,,,,,,,,,,,,,,,,,,,,,,,,,,,,,,,,,,,,,,,
847,Barraskewda,,FALSE,,,,,,,,,,,,,,,,,,,,,,,,,,,,,,,,,,,,,,,,,,,,,,,,,,,,,,,
848,Toxel,,FALSE,,,,,,,,,,,,,,,,,,,,,,,,,,,,,,,,,,,,,,,,,,,,,,,,,,,,,,,
849,Toxtricity,,FALSE,,,,,,,,,,,,,,,,,,,,,,,,,,,,,,,,,,,,,,,,,,,,,,,,,,,,,,,
850,Sizzlipede,,FALSE,,,,,,,,,,,,,,,,,,,,,,,,,,,,,,,,,,,,,,,,,,,,,,,,,,,,,,,
851,Centiskorch,,FALSE,,,,,,,,,,,,,,,,,,,,,,,,,,,,,,,,,,,,,,,,,,,,,,,,,,,,,,,
852,Clobbopus,,FALSE,,,,,,,,,,,,,,,,,,,,,,,,,,,,,,,,,,,,,,,,,,,,,,,,,,,,,,,
853,Grapploct,,FALSE,,,,,,,,,,,,,,,,,,,,,,,,,,,,,,,,,,,,,,,,,,,,,,,,,,,,,,,
854,Sinistea,,FALSE,,,,,,,,,,,,,,,,,,,,,,,,,,,,,,,,,,,,,,,,,,,,,,,,,,,,,,,
855,Polteageist,,FALSE,,,,,,,,,,,,,,,,,,,,,,,,,,,,,,,,,,,,,,,,,,,,,,,,,,,,,,,
856,Hatenna,,FALSE,,,,,,,,,,,,,,,,,,,,,,,,,,,,,,,,,,,,,,,,,,,,,,,,,,,,,,,
857,Hattrem,,FALSE,,,,,,,,,,,,,,,,,,,,,,,,,,,,,,,,,,,,,,,,,,,,,,,,,,,,,,,
858,Hatterene,,FALSE,,,,,,,,,,,,,,,,,,,,,,,,,,,,,,,,,,,,,,,,,,,,,,,,,,,,,,,
859,Impidimp,,FALSE,,,,,,,,,,,,,,,,,,,,,,,,,,,,,,,,,,,,,,,,,,,,,,,,,,,,,,,
860,Morgrem,,FALSE,,,,,,,,,,,,,,,,,,,,,,,,,,,,,,,,,,,,,,,,,,,,,,,,,,,,,,,
861,Grimmsnarl,,FALSE,,,,,,,,,,,,,,,,,,,,,,,,,,,,,,,,,,,,,,,,,,,,,,,,,,,,,,,
862,Obstagoon,,FALSE,,,,,,,,,,,,,,,,,,,,,,,,,,,,,,,,,,,,,,,,,,,,,,,,,,,,,,,
863,Perrserker,,FALSE,,,,,,,,,,,,,,,,,,,,,,,,,,,,,,,,,,,,,,,,,,,,,,,,,,,,,,,
864,Cursola,,FALSE,,,,,,,,,,,,,,,,,,,,,,,,,,,,,,,,,,,,,,,,,,,,,,,,,,,,,,,
865,Sirfetch'd,,FALSE,,,,,,,,,,,,,,,,,,,,,,,,,,,,,,,,,,,,,,,,,,,,,,,,,,,,,,,
866,Mr. Rime,,FALSE,,,,,,,,,,,,,,,,,,,,,,,,,,,,,,,,,,,,,,,,,,,,,,,,,,,,,,,
867,Runerigus,,FALSE,,,,,,,,,,,,,,,,,,,,,,,,,,,,,,,,,,,,,,,,,,,,,,,,,,,,,,,
868,Milcery,,FALSE,,,,,,,,,,,,,,,,,,,,,,,,,,,,,,,,,,,,,,,,,,,,,,,,,,,,,,,
869,Alcremie,,FALSE,,,,,,,,,,,,,,,,,,,,,,,,,,,,,,,,,,,,,,,,,,,,,,,,,,,,,,,
870,Falinks,,FALSE,,,,,,,,,,,,,,,,,,,,,,,,,,,,,,,,,,,,,,,,,,,,,,,,,,,,,,,
871,Pincurchin,,FALSE,,,,,,,,,,,,,,,,,,,,,,,,,,,,,,,,,,,,,,,,,,,,,,,,,,,,,,,
872,Snom,,FALSE,,,,,,,,,,,,,,,,,,,,,,,,,,,,,,,,,,,,,,,,,,,,,,,,,,,,,,,
873,Frosmoth,,FALSE,,,,,,,,,,,,,,,,,,,,,,,,,,,,,,,,,,,,,,,,,,,,,,,,,,,,,,,
874,Stonjourner,,FALSE,,,,,,,,,,,,,,,,,,,,,,,,,,,,,,,,,,,,,,,,,,,,,,,,,,,,,,,
875,Eiscue,,FALSE,,,,,,,,,,,,,,,,,,,,,,,,,,,,,,,,,,,,,,,,,,,,,,,,,,,,,,,
876,Indeedee,,FALSE,,,,,,,,,,,,,,,,,,,,,,,,,,,,,,,,,,,,,,,,,,,,,,,,,,,,,,,
877,Morpeko,,FALSE,,,,,,,,,,,,,,,,,,,,,,,,,,,,,,,,,,,,,,,,,,,,,,,,,,,,,,,
878,Cufant,,FALSE,,,,,,,,,,,,,,,,,,,,,,,,,,,,,,,,,,,,,,,,,,,,,,,,,,,,,,,
879,Copperajah,,FALSE,,,,,,,,,,,,,,,,,,,,,,,,,,,,,,,,,,,,,,,,,,,,,,,,,,,,,,,
880,Dracozolt,,FALSE,,,,,,,,,,,,,,,,,,,,,,,,,,,,,,,,,,,,,,,,,,,,,,,,,,,,,,,
881,Arctozolt,,FALSE,,,,,,,,,,,,,,,,,,,,,,,,,,,,,,,,,,,,,,,,,,,,,,,,,,,,,,,
882,Dracovish,,FALSE,,,,,,,,,,,,,,,,,,,,,,,,,,,,,,,,,,,,,,,,,,,,,,,,,,,,,,,
883,Arctovish,,FALSE,,,,,,,,,,,,,,,,,,,,,,,,,,,,,,,,,,,,,,,,,,,,,,,,,,,,,,,
884,Duraludon,,FALSE,,,,,,,,,,,,,,,,,,,,,,,,,,,,,,,,,,,,,,,,,,,,,,,,,,,,,,,
885,Dreepy,,FALSE,,,,,,,,,,,,,,,,,,,,,,,,,,,,,,,,,,,,,,,,,,,,,,,,,,,,,,,
886,Drakloak,,FALSE,,,,,,,,,,,,,,,,,,,,,,,,,,,,,,,,,,,,,,,,,,,,,,,,,,,,,,,
887,Dragapult,,FALSE,,,,,,,,,,,,,,,,,,,,,,,,,,,,,,,,,,,,,,,,,,,,,,,,,,,,,,,
888,Zacian,,FALSE,,,,,,,,,,,,,,,,,,,,,,,,,,,,,,,,,,,,,,,,,,,,,,,,,,,,,,,
889,Zamazenta,,FALSE,,,,,,,,,,,,,,,,,,,,,,,,,,,,,,,,,,,,,,,,,,,,,,,,,,,,,,,
890,Eternatus,,FALSE,,,,,,,,,,,,,,,,,,,,,,,,,,,,,,,,,,,,,,,,,,,,,,,,,,,,,,,
891,Kubfu,,FALSE,,,,,,,,,,,,,,,,,,,,,,,,,,,,,,,,,,,,,,,,,,,,,,,,,,,,,,,
892,Urshifu,,FALSE,,,,,,,,,,,,,,,,,,,,,,,,,,,,,,,,,,,,,,,,,,,,,,,,,,,,,,,
893,Zarude,,FALSE,,,,,,,,,,,,,,,,,,,,,,,,,,,,,,,,,,,,,,,,,,,,,,,,,,,,,,,
894,Regieleki,,FALSE,,,,,,,,,,,,,,,,,,,,,,,,,,,,,,,,,,,,,,,,,,,,,,,,,,,,,,,
895,Regidrago,,FALSE,,,,,,,,,,,,,,,,,,,,,,,,,,,,,,,,,,,,,,,,,,,,,,,,,,,,,,,
896,Glastrier,,FALSE,,,,,,,,,,,,,,,,,,,,,,,,,,,,,,,,,,,,,,,,,,,,,,,,,,,,,,,
897,Spectrier,,FALSE,,,,,,,,,,,,,,,,,,,,,,,,,,,,,,,,,,,,,,,,,,,,,,,,,,,,,,,
898,Calyrex,,FALSE,,,,,,,,,,,,,,,,,,,,,,,,,,,,,,,,,,,,,,,,,,,,,,,,,,,,,,,
899,Wyrdeer,,FALSE,,,,,,,,,,,,,,,,,,,,,,,,,,,,,,,,,,,,,,,,,,,,,,,,,,,,,,,
900,Kleavor,,FALSE,,,,,,,,,,,,,,,,,,,,,,,,,,,,,,,,,,,,,,,,,,,,,,,,,,,,,,,
901,Ursaluna,,FALSE,,,,,,,,,,,,,,,,,,,,,,,,,,,,,,,,,,,,,,,,,,,,,,,,,,,,,,,
902,Basculegion,,FALSE,,,,,,,,,,,,,,,,,,,,,,,,,,,,,,,,,,,,,,,,,,,,,,,,,,,,,,,
903,Sneasler,,FALSE,,,,,,,,,,,,,,,,,,,,,,,,,,,,,,,,,,,,,,,,,,,,,,,,,,,,,,,
904,Overqwil,,FALSE,,,,,,,,,,,,,,,,,,,,,,,,,,,,,,,,,,,,,,,,,,,,,,,,,,,,,,,
905,Enamorus,,FALSE,,,,,,,,,,,,,,,,,,,,,,,,,,,,,,,,,,,,,,,,,,,,,,,,,,,,,,,
906,Sprigatito,,FALSE,,,,,,,,,,,,,,,,,,,,,,,,,,,,,,,,,,,,,,,,,,,,,,,,,,,,,,,
907,Floragato,,FALSE,,,,,,,,,,,,,,,,,,,,,,,,,,,,,,,,,,,,,,,,,,,,,,,,,,,,,,,
908,Meowscarada,,FALSE,,,,,,,,,,,,,,,,,,,,,,,,,,,,,,,,,,,,,,,,,,,,,,,,,,,,,,,
909,Fuecoco,,FALSE,,,,,,,,,,,,,,,,,,,,,,,,,,,,,,,,,,,,,,,,,,,,,,,,,,,,,,,
910,Crocalor,,FALSE,,,,,,,,,,,,,,,,,,,,,,,,,,,,,,,,,,,,,,,,,,,,,,,,,,,,,,,
911,Skeledirge,,FALSE,,,,,,,,,,,,,,,,,,,,,,,,,,,,,,,,,,,,,,,,,,,,,,,,,,,,,,,
912,Quaxly,,FALSE,,,,,,,,,,,,,,,,,,,,,,,,,,,,,,,,,,,,,,,,,,,,,,,,,,,,,,,
913,Quaxwell,,FALSE,,,,,,,,,,,,,,,,,,,,,,,,,,,,,,,,,,,,,,,,,,,,,,,,,,,,,,,
914,Quaquaval,,FALSE,,,,,,,,,,,,,,,,,,,,,,,,,,,,,,,,,,,,,,,,,,,,,,,,,,,,,,,
915,Lechonk,,FALSE,,,,,,,,,,,,,,,,,,,,,,,,,,,,,,,,,,,,,,,,,,,,,,,,,,,,,,,
916,Oinkologne,,FALSE,,,,,,,,,,,,,,,,,,,,,,,,,,,,,,,,,,,,,,,,,,,,,,,,,,,,,,,
917,Tarountula,,FALSE,,,,,,,,,,,,,,,,,,,,,,,,,,,,,,,,,,,,,,,,,,,,,,,,,,,,,,,
918,Spidops,,FALSE,,,,,,,,,,,,,,,,,,,,,,,,,,,,,,,,,,,,,,,,,,,,,,,,,,,,,,,
919,Nymble,,FALSE,,,,,,,,,,,,,,,,,,,,,,,,,,,,,,,,,,,,,,,,,,,,,,,,,,,,,,,
920,Lokix,,FALSE,,,,,,,,,,,,,,,,,,,,,,,,,,,,,,,,,,,,,,,,,,,,,,,,,,,,,,,
921,Pawmi,,FALSE,,,,,,,,,,,,,,,,,,,,,,,,,,,,,,,,,,,,,,,,,,,,,,,,,,,,,,,
922,Pawmo,,FALSE,,,,,,,,,,,,,,,,,,,,,,,,,,,,,,,,,,,,,,,,,,,,,,,,,,,,,,,
923,Pawmot,,FALSE,,,,,,,,,,,,,,,,,,,,,,,,,,,,,,,,,,,,,,,,,,,,,,,,,,,,,,,
924,Tandemaus,,FALSE,,,,,,,,,,,,,,,,,,,,,,,,,,,,,,,,,,,,,,,,,,,,,,,,,,,,,,,
925,Maushold,,FALSE,,,,,,,,,,,,,,,,,,,,,,,,,,,,,,,,,,,,,,,,,,,,,,,,,,,,,,,
926,Fidough,,FALSE,,,,,,,,,,,,,,,,,,,,,,,,,,,,,,,,,,,,,,,,,,,,,,,,,,,,,,,
927,Dachsbun,,FALSE,,,,,,,,,,,,,,,,,,,,,,,,,,,,,,,,,,,,,,,,,,,,,,,,,,,,,,,
928,Smoliv,,FALSE,,,,,,,,,,,,,,,,,,,,,,,,,,,,,,,,,,,,,,,,,,,,,,,,,,,,,,,
929,Dolliv,,FALSE,,,,,,,,,,,,,,,,,,,,,,,,,,,,,,,,,,,,,,,,,,,,,,,,,,,,,,,
930,Arboliva,,FALSE,,,,,,,,,,,,,,,,,,,,,,,,,,,,,,,,,,,,,,,,,,,,,,,,,,,,,,,
931,Squawkabilly,,FALSE,,,,,,,,,,,,,,,,,,,,,,,,,,,,,,,,,,,,,,,,,,,,,,,,,,,,,,,
932,Nacli,,FALSE,,,,,,,,,,,,,,,,,,,,,,,,,,,,,,,,,,,,,,,,,,,,,,,,,,,,,,,
933,Naclstack,,FALSE,,,,,,,,,,,,,,,,,,,,,,,,,,,,,,,,,,,,,,,,,,,,,,,,,,,,,,,
934,Garganacl,,FALSE,,,,,,,,,,,,,,,,,,,,,,,,,,,,,,,,,,,,,,,,,,,,,,,,,,,,,,,
935,Charcadet,,FALSE,,,,,,,,,,,,,,,,,,,,,,,,,,,,,,,,,,,,,,,,,,,,,,,,,,,,,,,
936,Armarouge,,FALSE,,,,,,,,,,,,,,,,,,,,,,,,,,,,,,,,,,,,,,,,,,,,,,,,,,,,,,,
937,Ceruledge,,FALSE,,,,,,,,,,,,,,,,,,,,,,,,,,,,,,,,,,,,,,,,,,,,,,,,,,,,,,,
938,Tadbulb,,FALSE,,,,,,,,,,,,,,,,,,,,,,,,,,,,,,,,,,,,,,,,,,,,,,,,,,,,,,,
939,Bellibolt,,FALSE,,,,,,,,,,,,,,,,,,,,,,,,,,,,,,,,,,,,,,,,,,,,,,,,,,,,,,,
940,Wattrel,,FALSE,,,,,,,,,,,,,,,,,,,,,,,,,,,,,,,,,,,,,,,,,,,,,,,,,,,,,,,
941,Kilowattrel,,FALSE,,,,,,,,,,,,,,,,,,,,,,,,,,,,,,,,,,,,,,,,,,,,,,,,,,,,,,,
942,Maschiff,,FALSE,,,,,,,,,,,,,,,,,,,,,,,,,,,,,,,,,,,,,,,,,,,,,,,,,,,,,,,
943,Mabosstiff,,FALSE,,,,,,,,,,,,,,,,,,,,,,,,,,,,,,,,,,,,,,,,,,,,,,,,,,,,,,,
944,Shroodle,,FALSE,,,,,,,,,,,,,,,,,,,,,,,,,,,,,,,,,,,,,,,,,,,,,,,,,,,,,,,
945,Grafaiai,,FALSE,,,,,,,,,,,,,,,,,,,,,,,,,,,,,,,,,,,,,,,,,,,,,,,,,,,,,,,
946,Bramblin,,FALSE,,,,,,,,,,,,,,,,,,,,,,,,,,,,,,,,,,,,,,,,,,,,,,,,,,,,,,,
947,Brambleghast,,FALSE,,,,,,,,,,,,,,,,,,,,,,,,,,,,,,,,,,,,,,,,,,,,,,,,,,,,,,,
948,Toedscool,,FALSE,,,,,,,,,,,,,,,,,,,,,,,,,,,,,,,,,,,,,,,,,,,,,,,,,,,,,,,
949,Toedscruel,,FALSE,,,,,,,,,,,,,,,,,,,,,,,,,,,,,,,,,,,,,,,,,,,,,,,,,,,,,,,
950,Klawf,,FALSE,,,,,,,,,,,,,,,,,,,,,,,,,,,,,,,,,,,,,,,,,,,,,,,,,,,,,,,
951,Capsakid,,FALSE,,,,,,,,,,,,,,,,,,,,,,,,,,,,,,,,,,,,,,,,,,,,,,,,,,,,,,,
952,Scovillain,,FALSE,,,,,,,,,,,,,,,,,,,,,,,,,,,,,,,,,,,,,,,,,,,,,,,,,,,,,,,
953,Rellor,,FALSE,,,,,,,,,,,,,,,,,,,,,,,,,,,,,,,,,,,,,,,,,,,,,,,,,,,,,,,
954,Rabsca,,FALSE,,,,,,,,,,,,,,,,,,,,,,,,,,,,,,,,,,,,,,,,,,,,,,,,,,,,,,,
955,Flittle,,FALSE,,,,,,,,,,,,,,,,,,,,,,,,,,,,,,,,,,,,,,,,,,,,,,,,,,,,,,,
956,Espathra,,FALSE,,,,,,,,,,,,,,,,,,,,,,,,,,,,,,,,,,,,,,,,,,,,,,,,,,,,,,,
957,Tinkatink,,FALSE,,,,,,,,,,,,,,,,,,,,,,,,,,,,,,,,,,,,,,,,,,,,,,,,,,,,,,,
958,Tinkatuff,,FALSE,,,,,,,,,,,,,,,,,,,,,,,,,,,,,,,,,,,,,,,,,,,,,,,,,,,,,,,
959,Tinkaton,,FALSE,,,,,,,,,,,,,,,,,,,,,,,,,,,,,,,,,,,,,,,,,,,,,,,,,,,,,,,
960,Wiglett,,FALSE,,,,,,,,,,,,,,,,,,,,,,,,,,,,,,,,,,,,,,,,,,,,,,,,,,,,,,,
961,Wugtrio,,FALSE,,,,,,,,,,,,,,,,,,,,,,,,,,,,,,,,,,,,,,,,,,,,,,,,,,,,,,,
962,Bombirdier,,FALSE,,,,,,,,,,,,,,,,,,,,,,,,,,,,,,,,,,,,,,,,,,,,,,,,,,,,,,,
963,Finizen,,FALSE,,,,,,,,,,,,,,,,,,,,,,,,,,,,,,,,,,,,,,,,,,,,,,,,,,,,,,,
964,Palafin,,FALSE,,,,,,,,,,,,,,,,,,,,,,,,,,,,,,,,,,,,,,,,,,,,,,,,,,,,,,,
965,Varoom,,FALSE,,,,,,,,,,,,,,,,,,,,,,,,,,,,,,,,,,,,,,,,,,,,,,,,,,,,,,,
966,Revavroom,,FALSE,,,,,,,,,,,,,,,,,,,,,,,,,,,,,,,,,,,,,,,,,,,,,,,,,,,,,,,
967,Cyclizar,,FALSE,,,,,,,,,,,,,,,,,,,,,,,,,,,,,,,,,,,,,,,,,,,,,,,,,,,,,,,
968,Orthworm,,FALSE,,,,,,,,,,,,,,,,,,,,,,,,,,,,,,,,,,,,,,,,,,,,,,,,,,,,,,,
969,Glimmet,,FALSE,,,,,,,,,,,,,,,,,,,,,,,,,,,,,,,,,,,,,,,,,,,,,,,,,,,,,,,
970,Glimmora,,FALSE,,,,,,,,,,,,,,,,,,,,,,,,,,,,,,,,,,,,,,,,,,,,,,,,,,,,,,,
971,Greavard,,FALSE,,,,,,,,,,,,,,,,,,,,,,,,,,,,,,,,,,,,,,,,,,,,,,,,,,,,,,,
972,Houndstone,,FALSE,,,,,,,,,,,,,,,,,,,,,,,,,,,,,,,,,,,,,,,,,,,,,,,,,,,,,,,
973,Flamigo,,FALSE,,,,,,,,,,,,,,,,,,,,,,,,,,,,,,,,,,,,,,,,,,,,,,,,,,,,,,,
974,Cetoddle,,FALSE,,,,,,,,,,,,,,,,,,,,,,,,,,,,,,,,,,,,,,,,,,,,,,,,,,,,,,,
975,Cetitan,,FALSE,,,,,,,,,,,,,,,,,,,,,,,,,,,,,,,,,,,,,,,,,,,,,,,,,,,,,,,
976,Veluza,,FALSE,,,,,,,,,,,,,,,,,,,,,,,,,,,,,,,,,,,,,,,,,,,,,,,,,,,,,,,
977,Dondozo,,FALSE,,,,,,,,,,,,,,,,,,,,,,,,,,,,,,,,,,,,,,,,,,,,,,,,,,,,,,,
978,Tatsugiri,,FALSE,,,,,,,,,,,,,,,,,,,,,,,,,,,,,,,,,,,,,,,,,,,,,,,,,,,,,,,
979,Annihilape,,FALSE,,,,,,,,,,,,,,,,,,,,,,,,,,,,,,,,,,,,,,,,,,,,,,,,,,,,,,,
980,Clodsire,,FALSE,,,,,,,,,,,,,,,,,,,,,,,,,,,,,,,,,,,,,,,,,,,,,,,,,,,,,,,
981,Farigiraf,,FALSE,,,,,,,,,,,,,,,,,,,,,,,,,,,,,,,,,,,,,,,,,,,,,,,,,,,,,,,
982,Dudunsparce,,FALSE,,,,,,,,,,,,,,,,,,,,,,,,,,,,,,,,,,,,,,,,,,,,,,,,,,,,,,,
983,Kingambit,,FALSE,,,,,,,,,,,,,,,,,,,,,,,,,,,,,,,,,,,,,,,,,,,,,,,,,,,,,,,
984,Great Tusk,,FALSE,,,,,,,,,,,,,,,,,,,,,,,,,,,,,,,,,,,,,,,,,,,,,,,,,,,,,,,
985,Scream Tail,,FALSE,,,,,,,,,,,,,,,,,,,,,,,,,,,,,,,,,,,,,,,,,,,,,,,,,,,,,,,
986,Brute Bonnet,,FALSE,,,,,,,,,,,,,,,,,,,,,,,,,,,,,,,,,,,,,,,,,,,,,,,,,,,,,,,
987,Flutter Mane,,FALSE,,,,,,,,,,,,,,,,,,,,,,,,,,,,,,,,,,,,,,,,,,,,,,,,,,,,,,,
988,Slither Wing,,FALSE,,,,,,,,,,,,,,,,,,,,,,,,,,,,,,,,,,,,,,,,,,,,,,,,,,,,,,,
989,Sandy Shocks,,FALSE,,,,,,,,,,,,,,,,,,,,,,,,,,,,,,,,,,,,,,,,,,,,,,,,,,,,,,,
990,Iron Treads,,FALSE,,,,,,,,,,,,,,,,,,,,,,,,,,,,,,,,,,,,,,,,,,,,,,,,,,,,,,,
991,Iron Bundle,,FALSE,,,,,,,,,,,,,,,,,,,,,,,,,,,,,,,,,,,,,,,,,,,,,,,,,,,,,,,
992,Iron Hands,,FALSE,,,,,,,,,,,,,,,,,,,,,,,,,,,,,,,,,,,,,,,,,,,,,,,,,,,,,,,
993,Iron Jugulis,,FALSE,,,,,,,,,,,,,,,,,,,,,,,,,,,,,,,,,,,,,,,,,,,,,,,,,,,,,,,
994,Iron Moth,,FALSE,,,,,,,,,,,,,,,,,,,,,,,,,,,,,,,,,,,,,,,,,,,,,,,,,,,,,,,
995,Iron Thorns,,FALSE,,,,,,,,,,,,,,,,,,,,,,,,,,,,,,,,,,,,,,,,,,,,,,,,,,,,,,,
996,Frigibax,,FALSE,,,,,,,,,,,,,,,,,,,,,,,,,,,,,,,,,,,,,,,,,,,,,,,,,,,,,,,
997,Arctibax,,FALSE,,,,,,,,,,,,,,,,,,,,,,,,,,,,,,,,,,,,,,,,,,,,,,,,,,,,,,,
998,Baxcalibur,,FALSE,,,,,,,,,,,,,,,,,,,,,,,,,,,,,,,,,,,,,,,,,,,,,,,,,,,,,,,
999,Gimmighoul,,FALSE,,,,,,,,,,,,,,,,,,,,,,,,,,,,,,,,,,,,,,,,,,,,,,,,,,,,,,,
1000,Gholdengo,,FALSE,,,,,,,,,,,,,,,,,,,,,,,,,,,,,,,,,,,,,,,,,,,,,,,,,,,,,,,
1001,Wo-Chien,,FALSE,,,,,,,,,,,,,,,,,,,,,,,,,,,,,,,,,,,,,,,,,,,,,,,,,,,,,,,
1002,Chien-Pao,,FALSE,,,,,,,,,,,,,,,,,,,,,,,,,,,,,,,,,,,,,,,,,,,,,,,,,,,,,,,
1003,Ting-Lu,,FALSE,,,,,,,,,,,,,,,,,,,,,,,,,,,,,,,,,,,,,,,,,,,,,,,,,,,,,,,
1004,Chi-Yu,,FALSE,,,,,,,,,,,,,,,,,,,,,,,,,,,,,,,,,,,,,,,,,,,,,,,,,,,,,,,
1005,Roaring Moon,,FALSE,,,,,,,,,,,,,,,,,,,,,,,,,,,,,,,,,,,,,,,,,,,,,,,,,,,,,,,
1006,Iron Valiant,,FALSE,,,,,,,,,,,,,,,,,,,,,,,,,,,,,,,,,,,,,,,,,,,,,,,,,,,,,,,
1007,Koraidon,,FALSE,,,,,,,,,,,,,,,,,,,,,,,,,,,,,,,,,,,,,,,,,,,,,,,,,,,,,,,
1008,Miraidon,,FALSE,,,,,,,,,,,,,,,,,,,,,,,,,,,,,,,,,,,,,,,,,,,,,,,,,,,,,,,
1009,Walking Wake,,FALSE,,,,,,,,,,,,,,,,,,,,,,,,,,,,,,,,,,,,,,,,,,,,,,,,,,,,,,,
1010,Iron Leaves,,FALSE,,,,,,,,,,,,,,,,,,,,,,,,,,,,,,,,,,,,,,,,,,,,,,,,,,,,,,,
1011,Dipplin,,FALSE,,,,,,,,,,,,,,,,,,,,,,,,,,,,,,,,,,,,,,,,,,,,,,,,,,,,,,,
1012,Poltchageist,,FALSE,,,,,,,,,,,,,,,,,,,,,,,,,,,,,,,,,,,,,,,,,,,,,,,,,,,,,,,
1013,Sinistcha,,FALSE,,,,,,,,,,,,,,,,,,,,,,,,,,,,,,,,,,,,,,,,,,,,,,,,,,,,,,,
1014,Okidogi,,FALSE,,,,,,,,,,,,,,,,,,,,,,,,,,,,,,,,,,,,,,,,,,,,,,,,,,,,,,,
1015,Munkidori,,FALSE,,,,,,,,,,,,,,,,,,,,,,,,,,,,,,,,,,,,,,,,,,,,,,,,,,,,,,,
1016,Fezandipiti,,FALSE,,,,,,,,,,,,,,,,,,,,,,,,,,,,,,,,,,,,,,,,,,,,,,,,,,,,,,,
1017,Ogerpon,,FALSE,,,,,,,,,,,,,,,,,,,,,,,,,,,,,,,,,,,,,,,,,,,,,,,,,,,,,,,
1018,Archaludon,,FALSE,,,,,,,,,,,,,,,,,,,,,,,,,,,,,,,,,,,,,,,,,,,,,,,,,,,,,,,
1019,Hydrapple,,FALSE,,,,,,,,,,,,,,,,,,,,,,,,,,,,,,,,,,,,,,,,,,,,,,,,,,,,,,,
1020,Gouging Fire,,FALSE,,,,,,,,,,,,,,,,,,,,,,,,,,,,,,,,,,,,,,,,,,,,,,,,,,,,,,,
1021,Raging Bolt,,FALSE,,,,,,,,,,,,,,,,,,,,,,,,,,,,,,,,,,,,,,,,,,,,,,,,,,,,,,,
1022,Iron Boulder,,FALSE,,,,,,,,,,,,,,,,,,,,,,,,,,,,,,,,,,,,,,,,,,,,,,,,,,,,,,,
1023,Iron Crown,,FALSE,,,,,,,,,,,,,,,,,,,,,,,,,,,,,,,,,,,,,,,,,,,,,,,,,,,,,,,
1024,Terapagos,,FALSE,,,,,,,,,,,,,,,,,,,,,,,,,,,,,,,,,,,,,,,,,,,,,,,,,,,,,,,
1025,Pecharunt,,FALSE,,,,,,,,,,,,,,,,,,,,,,,,,,,,,,,,,,,,,,,,,,,,,,,,,,,,,,,